"Index","England_n_Wales","England","East of England","West Midlands","South West","North West","Yorkshire and The Humber","South East","London","North East","Wales","East Midlands"
Feb 1995,1.01028150221646,1.01100792275936,1.01720194593411,1.00856828357061,1.01204168365429,1.01391296937767,1.00847187270703,1.00270206018224,1.00494644051174,0.989569729562553,0.988932483137143,0.994431821161793
Mar 1995,1.01339603113611,1.01376933201351,1.01874283292836,1.0049070727093,1.00863633066849,1.01328433878275,1.01006568886994,1.0033315128316,1.01899324548405,1.00229664979256,0.996760402698221,0.99879321064372
Apr 1995,1.00926657904457,1.00989558629645,1.01424578643171,0.994484492037327,1.00856701112321,1.01024796651016,1.01203893828627,1.00438735244245,1.01635360794497,1.0035528867909,0.989676349385439,0.999357809224344
May 1995,1.01225934066798,1.01294532440953,1.01933996890353,1.00450685718029,1.00893243382766,1.01388701560487,1.00441230665289,1.00500073934051,1.02330670056276,1.00414947220308,1.00042809536823,0.99865643810379
Jun 1995,1.01916530006496,1.01993774460389,1.01723162350369,1.01198750468193,1.01920333567612,1.01131691707458,1.00694126340498,1.01406171718964,1.03176190175098,0.999795491574006,0.99762105063748,1.00855727587668
Jul 1995,1.00612030562936,1.00683375182849,1.01584947471106,1.00043226992788,1.00260638322553,0.9990843848426,1.0034300713503,1.00453531070634,1.02601018647393,0.993145833997352,0.986741828314553,0.997944977953931
Aug 1995,1.00697761353245,1.00747336723159,1.01366984216956,0.994911751295509,1.00745845334448,1.00074623788098,0.99586816552169,1.00859787238741,1.02839352467489,0.989617862373655,0.990900699628647,0.991100487686154
Sep 1995,1.01488087550298,1.01482544888722,1.01564610751991,0.994962537015085,1.00949139380508,1.00364257128252,1.00304563092599,1.00842306271968,1.0279784727234,0.99278108211971,0.997229913239822,1.00397769236608
Oct 1995,1.0125386691916,1.01360036435987,1.01119300821123,1.00670843313133,1.00315083089955,0.993857907384574,1.00251319453674,1.00938927119387,1.0380678264743,0.993323751961643,0.978992623343399,0.99126966983001
Nov 1995,1.01758529198127,1.01770897796612,1.0223321386572,1.00590348347589,1.00561589608241,1.00179262523826,1.00314298726762,1.01333165681355,1.03415533206903,0.994762285200869,1.00112179897863,0.997854440208021
Dec 1995,1.02544932161568,1.0263896085952,1.02482802379394,1.01232645541221,1.01537927434595,1.0070484426622,1.00555067312288,1.01871580388188,1.04561568303514,1.00634291457145,0.990966188156041,1.00011081647644
Jan 1996,1.01071642524393,1.01159060040661,1.01004367421316,0.996575625572762,1.00959581965897,0.992078971527678,0.98908630265273,1.01343353950542,1.04689630539627,0.99005142728021,0.990239844862171,0.996259367999994
Feb 1996,1.01889170875085,1.01979789499827,1.01144268550279,1.00463070646265,1.01588751419578,1.01001475733756,0.995998069034891,1.02061943991392,1.05269227926834,0.982723445423049,0.991564535376052,0.991577041461192
Mar 1996,1.02296936877923,1.02348751790856,1.01850086649402,0.999153421587654,1.01393282819625,1.00385833597733,0.998257525143591,1.02757837348185,1.05258197764352,0.989512451929376,0.989946992425925,1.00412328948974
Apr 1996,1.0208316571802,1.02110244336322,1.01818950278935,1.00622312087374,1.01917679161934,0.992512396988836,0.999132666729056,1.02539269864145,1.06623941676556,0.996787478773544,0.998275922197807,0.997381004747727
May 1996,1.02741917992161,1.02839986523319,1.0243179903603,1.00739654282328,1.02691470926262,0.999110426005514,0.995437040374902,1.03038251564447,1.06320839031224,0.998782571149265,0.997437584301935,1.00329863574913
Jun 1996,1.03663789429717,1.03760933345714,1.03618489557878,1.01430517925604,1.03449455134284,1.01226305401693,1.00375548030852,1.03939926058238,1.07917260171198,1.01678499507206,1.00510017553487,1.01117716434391
Jul 1996,1.02947543433658,1.03004712044355,1.03291826530305,1.00795187161746,1.03187730901506,0.99474204684312,0.994431585522717,1.04275377638955,1.07695422030919,0.992992090737586,1.00783636800128,1.00306034139548
Aug 1996,1.03544700749906,1.0359130834204,1.04132926417474,1.01146516954945,1.0374081499446,0.998768648132119,0.991726361501346,1.04745078308401,1.08827080453004,0.996320309381263,1.00911550670878,1.01592315644416
Sep 1996,1.04513737517351,1.04598934806288,1.0454223857836,1.02488420351835,1.04551705001993,1.00638056213127,1.00286128004973,1.05949015922766,1.09990430080269,1.0006545897357,1.0131282007283,1.0204254901724
Oct 1996,1.04892350234319,1.04954534310959,1.04761577291008,1.02595929658294,1.04948877205936,1.00973137673675,1.00828517363575,1.06611687658358,1.1013544475166,1.00835908349553,1.01686142747472,1.02057270775818
Nov 1996,1.05721439639903,1.05824019923629,1.06610302892017,1.03330988113361,1.05678709561463,1.01009460340287,1.00519711275144,1.07311399794552,1.11728690354404,1.00734056357674,1.01714641971411,1.02309021835197
Dec 1996,1.06376897010844,1.06534411644758,1.07310066103832,1.03662620955646,1.06653677596331,1.01995632723872,1.01924697407296,1.08533149285001,1.12742556239787,1.01061724562586,1.01926280795128,1.03302295779823
Jan 1997,1.062868740305,1.06426778920493,1.07457913044668,1.03954441863687,1.06814184479356,1.00797988363846,1.00154149967931,1.09318011705867,1.13637961485477,1.00014404143405,1.02170649899136,1.03049836293571
Feb 1997,1.07183561314655,1.07309236714355,1.07642125591778,1.03968836122498,1.08063588688183,1.0213436508043,1.01110285498958,1.10170041096412,1.14840047523457,1.00526250441348,1.02555442810584,1.03729131568445
Mar 1997,1.08474057590297,1.08616708924717,1.09248003986632,1.05570869371236,1.08658918457075,1.02755516445214,1.02202210907402,1.1158429109778,1.16700199039318,1.02013474668455,1.03267469003085,1.05091617493659
Apr 1997,1.08686933876867,1.08834665545496,1.10069105413323,1.05559520746303,1.09323058591144,1.03034282917815,1.01832124397551,1.12498752091422,1.17868039538056,1.01822414852227,1.0370019919129,1.05182496178915
May 1997,1.09848896174264,1.10052213258926,1.11139322456409,1.06654713840961,1.10579075426224,1.03339616809285,1.02068619315086,1.14062349917252,1.20122742137065,1.02477951856423,1.04157557362467,1.06138354067587
Jun 1997,1.11044753601945,1.11223531087628,1.12731224430482,1.07734863063365,1.11837814632998,1.04084670670011,1.02406287983019,1.15612889485269,1.21918974038468,1.02639939440787,1.0585544124854,1.0734155342178
Jul 1997,1.11175271892763,1.11394358270298,1.13431930061255,1.07596663467698,1.12459864898584,1.03482095576345,1.02348493299615,1.16889950740344,1.23603086130666,1.02505086300229,1.0498250500278,1.06719704864322
Aug 1997,1.1241057610807,1.12661181673819,1.14794182255633,1.08846556785108,1.13847660479051,1.04049000662546,1.02615346607217,1.18840927892368,1.24481706843147,1.03566477979341,1.05542040217632,1.07897460562513
Sep 1997,1.13387144057965,1.13611667547306,1.15726422909033,1.09688957875656,1.14459962469696,1.05005438669166,1.03676504982345,1.19897354710269,1.26518244418043,1.03950086410476,1.0702494226091,1.08746141962378
Oct 1997,1.14251366107333,1.14503095748568,1.16824634889378,1.10032581943779,1.15392727414846,1.04945540501428,1.04618533214334,1.2146066779194,1.27459721527364,1.04482993607869,1.07217840239736,1.08694599257298
Nov 1997,1.15060214146226,1.15362606595393,1.17661368494481,1.10805767937622,1.16494496359026,1.05611890376241,1.05177907988767,1.22247894164536,1.28485417187962,1.04760138132856,1.06780555451709,1.10062116464492
Dec 1997,1.16140287348522,1.16419161842848,1.19090210715424,1.11402244685224,1.17278753370604,1.06234166587445,1.05483399194967,1.23684290370517,1.30822512152615,1.05387894280744,1.08272021289695,1.10150636062404
Jan 1998,1.16090134523712,1.16403488672107,1.19343596497295,1.11119552030295,1.17617178268673,1.06751292320097,1.04324246405912,1.24119646027756,1.30535880319839,1.05092824390166,1.07933479815231,1.10139300656395
Feb 1998,1.17120156339371,1.17467857404733,1.20366375244998,1.12424463405196,1.18564903399967,1.07383814165522,1.05551805830608,1.25124994908705,1.31418277714618,1.06330352926809,1.07986628376552,1.10881217052888
Mar 1998,1.17885393807824,1.18190135259959,1.20574034901602,1.12430301086731,1.19512038313883,1.07605282835592,1.06245097756257,1.26068216334924,1.33653004470073,1.05935113754548,1.09380145938235,1.11366598036918
Apr 1998,1.18699992633127,1.19064027983845,1.2197931672153,1.13026596864921,1.20575720513399,1.07964445163951,1.06115212748287,1.27543737018822,1.34639148010054,1.0617382813602,1.0947424058704,1.12411177931542
May 1998,1.19667566498296,1.20017026576254,1.23062796491936,1.13880719390354,1.21340676283005,1.07905474180033,1.06809410407239,1.28954879515348,1.3676093454496,1.06588213376359,1.10327929516305,1.13070053501654
Jun 1998,1.20654274683292,1.21039428843639,1.24590442586824,1.14861808248483,1.22643586521681,1.09467885711617,1.07267098279901,1.30090092436319,1.38104643102185,1.07169461290942,1.10765199048961,1.13239324775615
Jul 1998,1.21140087141585,1.21515905409554,1.25178797555679,1.1533706009608,1.23253967023062,1.08861781076007,1.07527393212864,1.30854349932234,1.38933864358515,1.06868651495087,1.11139482959577,1.14160624040167
Aug 1998,1.21950994229063,1.22381091572579,1.26146890315355,1.1613369988817,1.24582078349909,1.09000786311218,1.076062710831,1.31985683798996,1.40627603188178,1.0702785901822,1.11016949541199,1.14535868447728
Sep 1998,1.22630047555456,1.23051197760287,1.27079197116493,1.16305993101454,1.25076712323364,1.09699909633228,1.08823472981064,1.32638722578112,1.41018944203097,1.07896289429927,1.11653186021036,1.1552124227305
Oct 1998,1.23305067885981,1.23699386141625,1.2737973152605,1.17230723122674,1.25751887638642,1.10580163866898,1.08319961672563,1.33045188246553,1.41775706856853,1.09257070858763,1.12752323179848,1.15891693147544
Nov 1998,1.23927669241323,1.24327974094075,1.27959423818824,1.17287308939424,1.26120300689137,1.10814567951257,1.08909807464859,1.34280269136473,1.41671672286217,1.09176053897665,1.13216580500453,1.16566499830193
Dec 1998,1.2492328513063,1.25331131058986,1.29541433906852,1.18370351293884,1.27268375669667,1.11279031789052,1.09354490648056,1.35157130813353,1.43268098871214,1.09927944434753,1.13719928069617,1.17260576169776
Jan 1999,1.24523310698755,1.24942284050355,1.29141183768745,1.17883998451848,1.27261313237799,1.11423503837272,1.08614507415021,1.34381156666062,1.427186637101,1.0917236395182,1.13551051878871,1.16710475172385
Feb 1999,1.25310431192697,1.25746361001656,1.29160624433865,1.19399385016304,1.27521924704226,1.12230989089856,1.09068198624541,1.35468385181521,1.44033259919766,1.08662083416765,1.13441138384748,1.17484903251848
Mar 1999,1.2622732434875,1.26690488699368,1.3058506532292,1.19482597133945,1.28753329062129,1.12420486841089,1.10118679249637,1.36380057921445,1.45581583012689,1.09638825795008,1.13810160088625,1.18574336001992
Apr 1999,1.27387084355262,1.2784954394066,1.31661387017683,1.20545548444015,1.30163740715987,1.13389992338966,1.1064629035989,1.3798549460191,1.46944445140599,1.10826471698351,1.15363231281452,1.19275953116
May 1999,1.28519110475734,1.28993366688974,1.33141885638932,1.21330519974555,1.31666846732271,1.14335351740839,1.1099388463999,1.39589052195187,1.49462106471221,1.10987436282393,1.1585513746653,1.20450745986018
Jun 1999,1.29884264328621,1.30431495039339,1.34844827768388,1.22394839710406,1.33321954567899,1.1466207314504,1.11720429698311,1.41593036607628,1.52626930767151,1.11364267082489,1.15834604342839,1.21162154417414
Jul 1999,1.3089490866524,1.31441808165776,1.36063634603125,1.23353017464363,1.34838352177781,1.15089363234028,1.1159028401852,1.43497118345025,1.54544345331201,1.11750511239855,1.16663784125984,1.2185907923107
Aug 1999,1.32726171777854,1.33261674775692,1.37885718071705,1.24835855266125,1.36887491927641,1.16627713459237,1.13179378661987,1.4595396415422,1.57671685314844,1.12408071071488,1.18649199194469,1.22859348263687
Sep 1999,1.34053031772772,1.34673662086194,1.40282566076312,1.25173341612915,1.39150877415443,1.16866490584093,1.13543011592808,1.4823257772568,1.60250813123228,1.13318601615412,1.1863514352169,1.24148752202882
Oct 1999,1.35634910838895,1.36271547291008,1.42168194536627,1.27030102786439,1.41360865565552,1.1772473195906,1.14685904589318,1.50795552989354,1.6333562020865,1.13020320837007,1.20078475250201,1.24585750699688
Nov 1999,1.3726501188068,1.37938031294338,1.44018809535464,1.28097246036229,1.43469316706688,1.18184277883894,1.14745859855074,1.53465615028211,1.66648777671633,1.14147445807236,1.20780063426576,1.2638088852369
Dec 1999,1.39264057971329,1.39992154072554,1.46650792087366,1.29653292760928,1.45333051481567,1.19869621747701,1.16506617500016,1.56404530721555,1.69340436380587,1.15045490818239,1.21939571586897,1.27953080943623
Jan 2000,1.39960544101939,1.40665069140299,1.48380286255987,1.30112857039435,1.46055822696912,1.19649550654154,1.15770509606955,1.57431564540767,1.7072484300363,1.15337039404451,1.22630544897575,1.27512487403066
Feb 2000,1.41312724373681,1.42133367707035,1.49785797605056,1.3101184928751,1.47594701487068,1.21151349889931,1.16134219814861,1.59569425843016,1.7323688052724,1.15318024537084,1.22227683890048,1.29132344014849
Mar 2000,1.43168923063436,1.4400151094071,1.52293285617314,1.32285530098922,1.50809378231059,1.22140043578719,1.17918303802583,1.62579491105853,1.76601696412294,1.16503290763075,1.23817898980019,1.3077319373745
Apr 2000,1.45121616020471,1.4599674720914,1.54829477377171,1.33718753433004,1.53492473269104,1.22751275214991,1.18962846122339,1.65650494188679,1.80902987322194,1.16629665138309,1.25282297240876,1.31575417203735
May 2000,1.46614763316792,1.4751356914704,1.57236780082146,1.34948802524268,1.56245328118141,1.23591484939714,1.19459360940503,1.67688460351408,1.83193229023424,1.1763157055699,1.25739038479815,1.33465338787009
Jun 2000,1.4868362536235,1.49615361807932,1.59765811941021,1.37272459041551,1.58006001796201,1.24953499096959,1.20601133154388,1.7147314113756,1.86649750686901,1.17435574588489,1.27523403449958,1.35183400248708
Jul 2000,1.49599575022291,1.50602480598958,1.61838983083469,1.37800243884613,1.59433960135408,1.25345888983952,1.21575992920627,1.72312315156829,1.87352572495024,1.18231571764887,1.27593656976111,1.36047594343627
Aug 2000,1.51083934615145,1.52132985783463,1.62905412478045,1.39748132310048,1.61178685811562,1.2681504523879,1.23106207892788,1.74249937870023,1.88782792264251,1.20117525655672,1.2815611054788,1.37480753153524
Sep 2000,1.51370719041227,1.52356764956669,1.64412039312616,1.39690433020362,1.61564836856565,1.26792321759963,1.23143902233739,1.74692675328435,1.8846985529517,1.19164728457456,1.29653730493558,1.3903379853106
Oct 2000,1.52225607880882,1.53224612682933,1.64363835163294,1.40980119496194,1.62819063394858,1.28481728089169,1.23839133718665,1.75071935674376,1.88874985650477,1.20015105936828,1.29776280712831,1.38612463713835
Nov 2000,1.52856837370711,1.53824235780434,1.65244020417494,1.41900732895289,1.63202209833511,1.27907658065271,1.23839338051386,1.75339612635289,1.89470636351942,1.2099364935448,1.30729073897565,1.39469297876402
Dec 2000,1.54755997261267,1.55800381277787,1.67655466085325,1.43563529981223,1.6405296961982,1.3046548117984,1.24856574114696,1.77430834050589,1.91532939251582,1.21416789286645,1.31205290191361,1.42355010803401
Jan 2001,1.54886773543807,1.55876770075691,1.6650816156846,1.42592273167721,1.64171985687241,1.29241972388827,1.24831237761651,1.76786103559045,1.92344672715339,1.21221558436898,1.30892642780591,1.40490162959894
Feb 2001,1.56093242668766,1.57155340225418,1.67456842655335,1.44801145277113,1.65670536804142,1.30225560402659,1.24371143016146,1.78540945973417,1.92257887267597,1.22754026816588,1.3191013899512,1.41666479639329
Mar 2001,1.57243707736024,1.58360750573331,1.69727755070754,1.45533309656068,1.67196707556456,1.31237604410675,1.25615161530612,1.80068072021188,1.95185468579843,1.23417194433416,1.31955416789656,1.43812632333358
Apr 2001,1.59510030778394,1.60600920265814,1.71888395376039,1.47226433903825,1.69941304393196,1.32523906760257,1.2785800254422,1.82530081936258,1.97366557574207,1.22596767168857,1.33400428185635,1.46210643675653
May 2001,1.61506047729761,1.62613882538807,1.74260367599083,1.49385095339475,1.7207695122916,1.34199980202133,1.28970704355194,1.84696006240853,2.00597945364609,1.24788527106282,1.34841066988248,1.47022762582466
Jun 2001,1.63600168442882,1.6474471186466,1.76852703849848,1.50604014506637,1.75346795443561,1.35164538515779,1.30541073130797,1.87791058140807,2.03740508424101,1.26742921509933,1.37594904403843,1.4968208527548
Jul 2001,1.65179157977897,1.66338055485846,1.78589470385156,1.51257733055663,1.76746478161534,1.36076400868226,1.31872608716212,1.89391366398989,2.0584346031966,1.27284111663712,1.38723306467693,1.50185400880489
Aug 2001,1.67208672389993,1.68441813860671,1.81646294574642,1.53851805300583,1.80054760423682,1.37693688045185,1.33057972510873,1.92047506140844,2.08341187597908,1.28177553142995,1.39105652452288,1.52775959747174
Sep 2001,1.6895325786379,1.70148182871963,1.84150128728131,1.54924345482732,1.8237683267907,1.38084953411763,1.34747972336363,1.93479480319874,2.11406029840056,1.28921431750156,1.4134388582966,1.54351507449672
Oct 2001,1.70053038757741,1.71336048593545,1.85680814342897,1.56530917294682,1.8379280451145,1.39648560573435,1.35829708108469,1.9577731212513,2.12227519051797,1.29160798811804,1.41150358044997,1.55791078981774
Nov 2001,1.7122413574247,1.72517683943658,1.87922295522859,1.58170966161608,1.85007524847238,1.40610493045642,1.36335839255307,1.97498077380623,2.14121940135541,1.31025023131631,1.42611682020039,1.57402334076577
Dec 2001,1.73924741555729,1.75241356813337,1.91510938697847,1.5989587563612,1.87475513843365,1.42853453472578,1.39277115121034,1.9984390650155,2.17226616239613,1.3288016967593,1.44364542587216,1.60572919890281
Jan 2002,1.73934709994177,1.75268723489575,1.90188420347607,1.59404338188362,1.88313766423156,1.42826906930517,1.38835019304234,1.99699395475431,2.161527414357,1.32397194510924,1.43831040618159,1.59222153105231
Feb 2002,1.75500595904249,1.76841746900522,1.92309518905907,1.60959493843464,1.8995988114222,1.43812380393585,1.39621624698019,2.0096401340756,2.17824898840194,1.34372298521148,1.46108904279321,1.61979313906703
Mar 2002,1.779363847349,1.79304973126565,1.95724292483381,1.63212813852996,1.93926581759005,1.45590413020555,1.42370748453014,2.04078066085024,2.2058456950969,1.36000740713876,1.4792320706091,1.65984033870962
Apr 2002,1.81341437358024,1.82712712501068,1.99423864840621,1.66842830432487,1.96590856114496,1.4760808123516,1.44460116949208,2.07098189041039,2.24296256633532,1.38122597309397,1.49531434645518,1.68791416135074
May 2002,1.84832070997678,1.86221432628159,2.03194491100551,1.69744486631178,2.0124989337432,1.51876399823546,1.48463396612536,2.11150500952513,2.2801002982138,1.42413226021923,1.53063258533345,1.72356599257836
Jun 2002,1.89833388734412,1.91259603219223,2.08812502968383,1.74888237280034,2.07094679454666,1.54691831241062,1.53463665425233,2.15972529569604,2.33727206209336,1.45520822557757,1.58272474330208,1.77905103988797
Jul 2002,1.92626894249736,1.94050354809549,2.12975245131817,1.77395932284663,2.11089936839163,1.5620181774372,1.5510597483613,2.1907516401015,2.3618721817087,1.47325681330109,1.59641169034006,1.81008721883843
Aug 2002,1.96785712185301,1.98164072543452,2.17583889776443,1.81260244457462,2.17262569480492,1.59352681447878,1.58766195050959,2.23716906728479,2.41029831856873,1.50236569756363,1.65255442470121,1.85952295918325
Sep 2002,1.99613126199515,2.01120116919071,2.21668469287135,1.84879526081177,2.21372868631192,1.61530849783321,1.60857205501267,2.27031991160757,2.43573657958592,1.5368527609325,1.65428067307361,1.90661399655513
Oct 2002,2.02414794377666,2.03926332632407,2.25517617268743,1.87778401921751,2.24607664470264,1.63649102655367,1.62653141488328,2.30288345692088,2.4670466927077,1.56466074809625,1.67928129892917,1.92915675038334
Nov 2002,2.05298974545984,2.06834630375792,2.2891137400811,1.91891437055612,2.28572774125338,1.65947817307753,1.67089321750605,2.33877958350187,2.49764411634814,1.60742520939535,1.71766719515148,1.97899697249931
Dec 2002,2.09334663764229,2.108793916088,2.33520429919196,1.95358848667749,2.32194674974199,1.70154303077256,1.71371861465921,2.37736883713625,2.53317238493449,1.63882049938887,1.74927760556151,2.01425696690774
Jan 2003,2.10054337431155,2.11580696521903,2.34539391862023,1.96331185036081,2.33148183580231,1.69723259519144,1.70905675598532,2.38544340120713,2.53985931203196,1.63586005777072,1.75261758461538,2.02570210844204
Feb 2003,2.12539182361942,2.14046490014248,2.37412904507345,1.98470960989107,2.35666081211101,1.72897905884788,1.73414985827798,2.40961185310174,2.56047392541643,1.64419258999271,1.79047425181718,2.06330035514574
Mar 2003,2.14051510111722,2.15595774312419,2.399648349533,2.0172091377106,2.37390159037502,1.73876197491841,1.7640847717002,2.42708281293743,2.57105051880405,1.69915395555134,1.80579166213383,2.07718009797804
Apr 2003,2.16655338130709,2.18142738202257,2.40314604817338,2.0378133394631,2.3993550673888,1.78170597872421,1.79766767420089,2.4440650575948,2.58003141486698,1.74120860965269,1.84405335223716,2.11803520759249
May 2003,2.19026779098305,2.20487361440362,2.43203442433841,2.06406286133885,2.42225930700483,1.80500749642137,1.83716192763718,2.4582351033241,2.60783009189781,1.79017540824246,1.871710189238,2.15063825673801
Jun 2003,2.22153646854759,2.23613489967783,2.45451627441477,2.1093036861628,2.45422055391269,1.85103835774866,1.88242915967747,2.48476567520297,2.59964378833329,1.82584624802455,1.91829791719998,2.18978077495805
Jul 2003,2.23158067147405,2.24481945114072,2.45438630055878,2.11838375707544,2.45262784875547,1.8649307476094,1.89611527341084,2.48135089965022,2.60318780101,1.84858921914857,1.93604312972602,2.2022713105096
Aug 2003,2.25322495318797,2.26591831006858,2.46315366713314,2.1480736038552,2.46680060558945,1.90734512815736,1.92753489939647,2.48543168739184,2.60675943837047,1.90458641636278,1.97412222742668,2.23767773310701
Sep 2003,2.26973745107017,2.2819959248159,2.48260989281565,2.16105016212744,2.48510810651046,1.93345047633258,1.9427992326935,2.49719207910343,2.61860851329969,1.90337361096202,1.99628371312089,2.2497905040115
Oct 2003,2.28879757142366,2.30128328107395,2.49410410097414,2.19676196670091,2.50518546087228,1.95052373021576,1.98020168140405,2.51185988017365,2.63563410045578,1.94222492566645,2.01249620682516,2.26776626553837
Nov 2003,2.31743926374461,2.32871815997106,2.53174908718844,2.21875168721699,2.52909587061462,1.98399746579454,2.00990398312755,2.53940612358574,2.66077219624412,1.9729453479095,2.07681767091182,2.29587636279574
Dec 2003,2.35191838997582,2.36269285033772,2.5555680535357,2.26821138133295,2.56625996023077,2.03120431793799,2.05173545115037,2.56344085835677,2.67926471427991,2.03108041891487,2.12106955527351,2.32746544158873
Jan 2004,2.35260308559432,2.36238477812616,2.5571191066964,2.24945537009323,2.57582150784448,2.03430633652008,2.05409192168424,2.57426002663031,2.68439383244217,2.02185839270224,2.14772959208619,2.32267575082164
Feb 2004,2.37530855724905,2.38546933315278,2.57236321731897,2.28141827976476,2.60500504363768,2.0515169644269,2.07904121431549,2.59553040351817,2.70557632559087,2.03665514559838,2.16046877863859,2.35459314398052
Mar 2004,2.39968391959051,2.4100528751096,2.60520510635883,2.30279338915584,2.61373011758991,2.08496966070034,2.12700653393272,2.61046037943507,2.72488843746049,2.08741492119652,2.18247292238638,2.38666355062885
Apr 2004,2.44388261505937,2.45322125421861,2.63011595988215,2.34795903304226,2.66473012392734,2.15937289145806,2.18155623670634,2.64320120888398,2.74712733752899,2.15800969055076,2.25652486504616,2.42919919473795
May 2004,2.48305181606672,2.4926208105433,2.67255271191007,2.38220191607824,2.71747410861497,2.21735884157871,2.23281898924442,2.66976588457116,2.79126062909275,2.22129102605103,2.29564060044804,2.46753128713608
Jun 2004,2.52291566314612,2.5309385580409,2.70937838948411,2.43743089458233,2.74671207738668,2.26287779484483,2.27255707120934,2.70707690215141,2.81901312961341,2.26896569534489,2.37760513144107,2.5154136654161
Jul 2004,2.5455964589345,2.55323735343064,2.73187072298365,2.45882386461628,2.77473243201554,2.29701976761949,2.31438939529958,2.71729010771594,2.83851203359855,2.31337127017757,2.41233360022773,2.54766962202371
Aug 2004,2.57560567340498,2.58341851715167,2.76214175359065,2.49212616729807,2.806108101695,2.33192043277233,2.34132310025937,2.75013699679227,2.86559953021343,2.35864528519312,2.44880524973384,2.58559823760104
Sep 2004,2.59001717505706,2.59797964589798,2.79046766662832,2.50731884351377,2.82380325561581,2.35571257905059,2.35426973074719,2.76303093318435,2.88088314037663,2.35258073751734,2.45893341236965,2.6077036821813
Oct 2004,2.60352189181346,2.6113810634161,2.78530970644501,2.52394703605986,2.8412543296217,2.36310685533217,2.38054576713161,2.77765956128636,2.8843814356137,2.39420795866182,2.47542082591353,2.59238791597617
Nov 2004,2.6177706753567,2.6255317715141,2.80909337081812,2.5337607717506,2.84010281621016,2.39369261100396,2.38861150294638,2.78545703648254,2.8995740028542,2.40394970508611,2.4921927625303,2.61710648047513
Dec 2004,2.62763680635636,2.63486382747016,2.81594356280969,2.55593462785386,2.83886325408702,2.39423838631803,2.40480249360047,2.78782772556346,2.90383882751013,2.4419354698094,2.51333191444628,2.63098073168773
Jan 2005,2.60008411863539,2.6065681129313,2.78520927436082,2.52305866485706,2.82650686615283,2.37589991653329,2.39206533458071,2.77230901766191,2.87761066375411,2.37216823894351,2.50101719178828,2.59577414798638
Feb 2005,2.6126939838691,2.62027006859988,2.79725174932446,2.53562712427403,2.83636682061474,2.3841562029153,2.38439358467957,2.77994300980467,2.88895707210647,2.38856083588246,2.49745686002677,2.61491497797062
Mar 2005,2.62765266519905,2.63437100942629,2.79720106850294,2.56191090421484,2.84136934548079,2.41484619280492,2.43314044371279,2.78223585865084,2.8901522795479,2.40318054197265,2.51744921735347,2.60990327269707
Apr 2005,2.6454163209874,2.65253682243004,2.82046202002703,2.57588396872132,2.86792593386478,2.42733023330363,2.43960688748455,2.79113051205392,2.89243455368645,2.43998232033308,2.53246810105296,2.64119455199286
May 2005,2.66113291748491,2.66806395131886,2.84003805948901,2.58699109723859,2.87893792652898,2.45945644767718,2.4749679015786,2.80861201573304,2.91180516850148,2.45055215346605,2.54819886066834,2.65296263182775
Jun 2005,2.6770153557697,2.68428306396226,2.86057456128505,2.6058887360948,2.89494374141719,2.4762780110496,2.49049114283032,2.82358416658285,2.93015703833798,2.48031182046781,2.56581402348778,2.66297996578712
Jul 2005,2.67673589842446,2.68307184771407,2.85110169047903,2.60899250921062,2.89602675320249,2.4696080589672,2.48091212030546,2.82608061129797,2.9357653614144,2.48328994187545,2.59773532147051,2.66791815458402
Aug 2005,2.68436170438829,2.69074858193493,2.85737327332214,2.62587352945962,2.90865169113122,2.4827926150732,2.50587584755355,2.82916268110645,2.92461415101146,2.48351124129175,2.59454486152649,2.67535824728402
Sep 2005,2.68963738372195,2.69624829919527,2.86813653162915,2.63164748216847,2.91481533551807,2.48425067950986,2.50418800909954,2.82370067758487,2.94557123688111,2.48358899527598,2.59009296245722,2.67523098132307
Oct 2005,2.70139717689142,2.70796346711158,2.87160451548763,2.62548102091262,2.92015445128608,2.50292705083888,2.51017629738388,2.8340854496482,2.97633752363779,2.49822418659903,2.59030877460902,2.68830102106781
Nov 2005,2.71248235787873,2.71883210825036,2.8805076917586,2.64242658237599,2.9433714789523,2.51648009665583,2.51826375179831,2.84538626051439,2.97126534107519,2.50309713928544,2.61224590931195,2.69275978330475
Dec 2005,2.73259498045317,2.73969643704253,2.90531342934565,2.65522997918057,2.95266906512547,2.54079790773092,2.537503677975,2.8645675769463,2.98106250499335,2.52882452775153,2.61401715504256,2.69860588034239
Jan 2006,2.71814869706047,2.72434946719482,2.88289765429574,2.64760471076041,2.94279124517334,2.52486665264361,2.52992755801645,2.85643727127926,2.97728187579395,2.50554296945796,2.63118790473883,2.70504760062258
Feb 2006,2.73821905021766,2.74555510670975,2.91230308403851,2.66564750807714,2.96201113682263,2.55046351227822,2.54513135562708,2.87134980003916,2.99864793575083,2.52512305536068,2.61066320156783,2.71799765440268
Mar 2006,2.76301378822016,2.76983546494007,2.92632238680666,2.68135130927517,2.98519502536037,2.5519425601944,2.57975984736122,2.88971594289358,3.02026694514947,2.54071705168017,2.64641926951258,2.74226517308154
Apr 2006,2.78419174378788,2.79097603968926,2.94494443620124,2.69527359514348,3.01411840982698,2.58168133267613,2.59836563635706,2.91182553090276,3.03095242752217,2.56753910751828,2.6706058128347,2.75947460014549
May 2006,2.8073177683911,2.81441426373296,2.97778591971127,2.71898880922208,3.03305226605004,2.59888159103372,2.61130333864953,2.93688996667727,3.07447152154205,2.5667881293136,2.68575249572703,2.77514609596326
Jun 2006,2.8366893200772,2.84341102396408,3.00706312007881,2.74242567901464,3.07699283421908,2.62667976895306,2.6367645571467,2.96565989476119,3.10595171045385,2.6097316245054,2.71623190224221,2.79505513285443
Jul 2006,2.83777157529316,2.84465099030721,3.0141703095011,2.74571497847968,3.08014681632863,2.62394344222505,2.64728399037069,2.97495581617502,3.13289554720155,2.61841046593172,2.72215036028264,2.80390548057559
Aug 2006,2.85630724232436,2.8629394568042,3.03267156112415,2.75789069868413,3.10443011627671,2.64948564341606,2.65587232778385,2.99545996922477,3.16969543427127,2.59300061952322,2.74272826643899,2.82034228667474
Sep 2006,2.88284931520572,2.88931378739169,3.05793538193051,2.78053398591146,3.12030473998287,2.65906703755254,2.67442603628943,3.0179295462121,3.20122594736462,2.62253776353266,2.76448450831681,2.83680442266804
Oct 2006,2.90054417644016,2.9070570748905,3.07898375566599,2.78367839048822,3.14445596493788,2.67276757193396,2.69720731264798,3.0340727675164,3.22562029383572,2.62599459672138,2.77806459155687,2.84740148262884
Nov 2006,2.92568814468951,2.93298959614199,3.10069667993733,2.80099836088364,3.17379256521695,2.69682475184091,2.71514815699001,3.06664848014784,3.24853043638916,2.64742194219531,2.78757454263902,2.86431082094935
Dec 2006,2.95867410305292,2.96570824316548,3.13672860604855,2.82956816035526,3.19751630850833,2.72109569877741,2.74542622046523,3.09552470313742,3.29548266475325,2.69712864534165,2.82243999933461,2.89817317481972
Jan 2007,2.94623824448317,2.95388427636854,3.12853064449783,2.81430464138045,3.20929566643385,2.71259199701248,2.73722520985032,3.09929945634446,3.31227641550635,2.68208200354293,2.80726795513805,2.88567576468809
Feb 2007,2.96799931230031,2.97607670172981,3.14468470054346,2.83321723868849,3.22868097577299,2.72107845288867,2.745940369721,3.12559326605591,3.3494317599765,2.66686875194615,2.82130658776133,2.89725391207554
Mar 2007,2.99750069011863,3.00611350013946,3.17938045506302,2.85537321290153,3.2478456324175,2.74438614366184,2.77296380026238,3.15037962322253,3.38741614921813,2.70626396513088,2.83021712023005,2.9175619987111
Apr 2007,3.02680345348737,3.03568917321335,3.20954322315849,2.87368473701128,3.26906926936456,2.76850631424085,2.80209768451738,3.17930016496304,3.43896807114379,2.7236226776301,2.84755803907644,2.93433843986645
May 2007,3.05038794564721,3.05944112135551,3.23147412356892,2.90212877558481,3.30296261353504,2.77772482372668,2.81421103766963,3.2115643078174,3.48435370103693,2.75538681180477,2.87860355884855,2.95447439479507
Jun 2007,3.08192794481444,3.09134512163414,3.27272614674683,2.91259048084653,3.33288700457335,2.80180317177609,2.83832934382083,3.24877667505586,3.55126942061043,2.78015598515324,2.89052447931532,2.96721663526621
Jul 2007,3.09193058566753,3.10127569272778,3.27154369649099,2.91171109498702,3.35308859770058,2.81716733438526,2.83732563071843,3.26776219986178,3.58868096938944,2.75072301219671,2.90746040063065,2.99301238099947
Aug 2007,3.11196568541075,3.12141579226728,3.30910017293708,2.92651003278988,3.35736017902386,2.83092483951868,2.85512381420297,3.29770599787903,3.63266165107493,2.76992595724819,2.92398803366754,2.98454747007203
Sep 2007,3.12470323977324,3.13464491348509,3.3250960783361,2.93880620285909,3.37947702084331,2.83289253108365,2.86390612836586,3.30354316941694,3.65664370965646,2.79409878026946,2.93692854536679,3.00426913502202
Oct 2007,3.13123831336842,3.14079142519996,3.33350106699394,2.93718427944333,3.38220947235392,2.84093584721559,2.86324147376648,3.31620908692737,3.66388675192102,2.79053112805777,2.94327414486269,2.99145977584133
Nov 2007,3.14129513277448,3.15006834540239,3.33212603390422,2.95171166186656,3.37968774959213,2.84396285761884,2.86925650110902,3.32797744519319,3.68387690316739,2.78762683828761,2.96111282353271,3.00030589731671
Dec 2007,3.14718450191254,3.15610504422721,3.33839197760753,2.93551808547136,3.37956267523297,2.83788802877762,2.89414199153546,3.33519929416172,3.68416709895375,2.81059604243992,2.96080561230768,2.99446219175899
Jan 2008,3.1137007851336,3.12345700987735,3.3147362544347,2.9182427602374,3.35185742456832,2.82167506857863,2.85398417173383,3.31644490026166,3.67081073633144,2.75128410534702,2.91986590772779,2.95632737716455
Feb 2008,3.11540581729188,3.12570516611208,3.31080042229551,2.91770045965243,3.35715971350588,2.81019540468483,2.85321521477763,3.30700543869667,3.67204583963805,2.75917892339135,2.91334467573555,2.9523103784137
Mar 2008,3.10099411188851,3.10999203574097,3.29186180122949,2.88486255111073,3.32356290851811,2.81868265180151,2.84933729794417,3.28669641968248,3.6468119093941,2.75620322073353,2.89954595660017,2.94100310543521
Apr 2008,3.10485767149363,3.11468464683753,3.29035849334624,2.88695455803859,3.33168073271378,2.82541307595336,2.84615919575022,3.28221060909714,3.66222342781209,2.78820259015211,2.89642952124619,2.94794303388115
May 2008,3.11278406881973,3.12287626066031,3.29947502180555,2.91411128861057,3.32135559481057,2.82043885320033,2.85524226768919,3.28567229460409,3.67338561900262,2.76969708766335,2.89798409462799,2.95732761937075
Jun 2008,3.08712838019378,3.09615631378841,3.25369957496665,2.89011230786226,3.27909849506121,2.80926582240678,2.83201814428637,3.25618695281534,3.65063415211532,2.76522521716341,2.88176470765819,2.92876301390261
Jul 2008,3.04459937802253,3.05383272127245,3.21968202664955,2.8309064882182,3.23776761520301,2.75191451861735,2.80658868139226,3.20973348953848,3.59931134996093,2.71889727131052,2.84582273953758,2.89201331548451
Aug 2008,2.99859965916836,3.00697974129674,3.14859142486537,2.81001478860346,3.17884276010796,2.7553001162325,2.77740845828019,3.15705651102706,3.51486791953336,2.6755316659249,2.82640906074726,2.83106574807203
Sep 2008,2.95078243633371,2.95817300001294,3.08219753937108,2.76688075343054,3.13442971938322,2.71124711914513,2.73015717462059,3.08888304067653,3.47418868208887,2.65082277975863,2.78368131783906,2.79035508693093
Oct 2008,2.89953269371803,2.90347122463243,3.02992555031075,2.70991115643295,3.06980531108704,2.68486863389485,2.68098667126267,3.03128719722908,3.39542574233471,2.6275950261654,2.7850592510585,2.72586610657407
Nov 2008,2.85343913559775,2.85825752823443,2.97885067136238,2.69110344037952,3.02336607238524,2.63429311709984,2.68945653731824,2.96551159787999,3.35741240557127,2.57933903296871,2.73593446710042,2.70424000157084
Dec 2008,2.81135305164966,2.81614090556342,2.92992157038208,2.63632230676694,2.97566188561766,2.59817015000646,2.59692879731014,2.91953673926846,3.32468156095863,2.56863308444083,2.70196428745562,2.67799369275877
Jan 2009,2.77118847943622,2.77722912579486,2.88474091906731,2.61119224991552,2.92525663787418,2.56341874556741,2.59423213691706,2.86960342352356,3.25700371603838,2.506485864333,2.64275495522136,2.63347879606476
Feb 2009,2.74442267055118,2.75058630398335,2.86648135083389,2.57870005108125,2.88899962677097,2.53489977231608,2.56605712411468,2.84060121634808,3.2158774043066,2.53558036961453,2.59944728843676,2.57897571526801
Mar 2009,2.73301363712281,2.73694739162071,2.83440700967144,2.56292792685086,2.87335327310281,2.5249583812846,2.54669385300615,2.8294263464587,3.19872141416322,2.49592730936077,2.62354511344077,2.57323571759451
Apr 2009,2.73417948296464,2.73915773562445,2.83955605791241,2.56495355822213,2.89809204357972,2.52798675832619,2.55072716569613,2.82831861489551,3.18622981969387,2.48521208810488,2.61595765176591,2.58705395807319
May 2009,2.75021358392358,2.75553880535282,2.87365095944588,2.57714287438881,2.91131598724876,2.53621604177437,2.55883544207144,2.85824225169056,3.22660540684122,2.48076603763884,2.62743554545735,2.59182238299996
Jun 2009,2.76469365129436,2.76961139596836,2.87330111703002,2.57535760513427,2.94169936234972,2.53913031286931,2.54525569582447,2.88523955686986,3.2606038466818,2.50335839514394,2.65649577739893,2.61915841269664
Jul 2009,2.78900434467842,2.79370797986593,2.91280422037955,2.61623515046118,2.98342727808229,2.55525323164042,2.57260555483568,2.91314557985843,3.29371970353505,2.48731292139285,2.68535564198533,2.64882899195644
Aug 2009,2.80878895348912,2.81487335868742,2.94501716014904,2.61256507052254,3.0168396115843,2.56723256217332,2.57966047523803,2.95154315272543,3.32915966588523,2.51385031123463,2.69209650232446,2.65783888116049
Sep 2009,2.83676299774028,2.84291888349981,2.97082213534814,2.63444316911843,3.03815782364401,2.58287701594735,2.59765274452502,2.98801830377514,3.3738572632498,2.53019824177656,2.69882680121339,2.66669585869115
Oct 2009,2.85525457657526,2.86271592867429,2.98740805042139,2.64469749184074,3.06208736619382,2.60055657241341,2.60850818418554,3.00695940882156,3.42481153259812,2.5276298492053,2.69378961543728,2.68517150962695
Nov 2009,2.87654341603856,2.88343073649475,3.02132722415435,2.65171321684152,3.08475184450773,2.62308832965392,2.61944631025045,3.03777639798227,3.43732634374212,2.56556943037327,2.72536068716837,2.69775593816055
Dec 2009,2.89336328819269,2.9015769211927,3.03411569984375,2.67549528616301,3.09761865377618,2.61272116019975,2.64207721665165,3.05983020108049,3.47783653721627,2.56204758762512,2.72302250773614,2.72665179906799
Jan 2010,2.89884078593247,2.90846236959275,3.04397907979131,2.68811010339775,3.11863291729079,2.60333650502798,2.62530773874357,3.07811575732873,3.53619956160361,2.53689005237588,2.70463675941652,2.72161393527926
Feb 2010,2.90938224603018,2.91945539284529,3.05995123013965,2.6923625336266,3.12054156270518,2.61009666047757,2.65252096470707,3.08794410621215,3.52261497907859,2.52793990878373,2.69594333445886,2.73302192568875
Mar 2010,2.92163915517284,2.9298954601922,3.08490124126684,2.69208787613399,3.13598220170832,2.62834007882366,2.63639243591078,3.09658121625163,3.54509555188773,2.5532609069161,2.74442363889627,2.72942277745296
Apr 2010,2.94029470667187,2.94872260513778,3.10754254544343,2.7178363525533,3.15776037861837,2.63230068063374,2.64533335241207,3.10985331527491,3.56021130358947,2.57469595557389,2.74526975045757,2.75885703411025
May 2010,2.94583196092061,2.95553495812725,3.10671141225338,2.70765458655998,3.16538630654939,2.63239408140542,2.64910910636981,3.14400292797722,3.58263953439385,2.52930736108888,2.73668584143666,2.74350746776821
Jun 2010,2.96636199551847,2.97445902598222,3.13562407897454,2.71154204041475,3.17489016075534,2.6501738416298,2.67019478113315,3.15321936957237,3.60822207701577,2.57022350408751,2.78193640213194,2.78016923410781
Jul 2010,2.97436960716997,2.98369326318675,3.14616917793139,2.71444314315615,3.19931928325414,2.63304850764346,2.67940999601574,3.16696038109015,3.64546086122793,2.58058935189788,2.77780769241409,2.77412911889134
Aug 2010,2.97729492014712,2.98677909807876,3.14609419429491,2.72948853065586,3.1914580666098,2.65186892522948,2.66530271281559,3.17488522981423,3.65751741225557,2.57586413618798,2.77950013524992,2.77140652133484
Sep 2010,2.97930325708184,2.98921794476943,3.14196217248802,2.73797230738366,3.20160645525273,2.64029801334422,2.67530750617418,3.17530915249363,3.65452975067914,2.57881109724422,2.77013359672981,2.76692510524046
Oct 2010,2.96357286849636,2.9722331493728,3.16090778262769,2.71267251536424,3.16337784495056,2.6383076665357,2.64611087566566,3.15606435156029,3.64003564078047,2.53267420040299,2.76797757098214,2.74596938141965
Nov 2010,2.94867566698412,2.95912140514201,3.12291799666349,2.69986808501827,3.16073219340664,2.64087133532836,2.65313748860534,3.13651391535556,3.63195762733105,2.53254672720476,2.70629458322475,2.74043344277819
Dec 2010,2.93805096646039,2.94782022086837,3.09983556522534,2.7070418021679,3.1338093174596,2.61219758729264,2.62389448550798,3.1349695519093,3.61972271372412,2.54001846653565,2.71936613480262,2.73139584168334
Jan 2011,2.92021884265246,2.92935237715427,3.09688007852553,2.67632299613696,3.12014679457631,2.58048067014753,2.60545617880409,3.09908459222637,3.62818524307031,2.5070987524473,2.7175459449157,2.73355910173708
Feb 2011,2.91052277977979,2.92040119279329,3.08091355865371,2.66846280711676,3.09726874738242,2.57599476400568,2.60958212076964,3.10216807411328,3.61393704754059,2.46307287851645,2.69812938904678,2.7037881148408
Mar 2011,2.91070385576466,2.91930253113157,3.08653344373112,2.6534874897538,3.09288939689747,2.58335423570311,2.57758099133331,3.0954557119829,3.61322465647756,2.50178528219758,2.71181704551092,2.70140625453063
Apr 2011,2.92267036245265,2.93210352939967,3.07825152238341,2.65895881229788,3.12034620142489,2.59097382824308,2.60910056361711,3.10512276334526,3.6570896730995,2.49640416271218,2.72046749597661,2.7211371151082
May 2011,2.9239724456835,2.93418543395959,3.08427747812622,2.66000347061073,3.11444300372945,2.58325307116905,2.61734113981288,3.11089800415185,3.65488314140518,2.50944084577108,2.70053866032262,2.73169184840736
Jun 2011,2.93031793515874,2.94026305002114,3.1182303540851,2.68166362669982,3.12303082220198,2.57665214518211,2.59966319528701,3.13625092210282,3.67162494557479,2.48488876141715,2.70400285988023,2.71018868741731
Jul 2011,2.94184913460093,2.9525948178023,3.10765323430387,2.67676555267193,3.15674244998064,2.58415411338983,2.60198927024246,3.14645295680174,3.72294259565288,2.47553953645696,2.70371973414698,2.71592582314709
Aug 2011,2.9460060353928,2.95649737053548,3.12064766232338,2.67012681209067,3.12730738675402,2.57814974131117,2.61410116979803,3.14045929139992,3.73809225602033,2.50563940228499,2.71515897186338,2.73495088839248
Sep 2011,2.93673601383125,2.94690957148139,3.10210049314506,2.68002110800617,3.12630007875758,2.57180571223689,2.59986637648529,3.13370909086552,3.7276938466,2.46531736295129,2.71057608768308,2.72698499794861
Oct 2011,2.93112847276468,2.94196351026405,3.11584339271662,2.66236544096418,3.12870193454421,2.5629506325665,2.58055159340441,3.13546649462061,3.71814639996221,2.46056830823285,2.68625184545689,2.71730418626288
Nov 2011,2.93318253652068,2.94390412663413,3.11175233891343,2.68304402218412,3.12728298818485,2.56724837171115,2.59546865529613,3.13529415028272,3.72260966650794,2.45868679047368,2.68804928945651,2.71488467337838
Dec 2011,2.93101075075612,2.94187603307484,3.11233982756808,2.66370794263845,3.11889683512251,2.57223951279832,2.57018660576294,3.13344322380787,3.74220848092785,2.48015842960467,2.69643614419198,2.70981365332807
Jan 2012,2.92334030074692,2.9348561441207,3.11251544201422,2.65518684884978,3.11337375662357,2.55001265656931,2.57958023712003,3.12286105022454,3.75057205852506,2.42968887671737,2.66672843772708,2.69680007965134
Feb 2012,2.91941900720088,2.93042256471043,3.1016883253102,2.64496055711585,3.12077770267122,2.53509349857159,2.55860439328916,3.13240626714537,3.75099159887503,2.4311672988545,2.67826281129516,2.67995586759534
Mar 2012,2.91999707870882,2.93175362330079,3.09731074409579,2.66402877362122,3.11039249482901,2.56245682750648,2.5647930150787,3.13273486885268,3.72040669794777,2.45009884708777,2.675572717979,2.70854126612451
Apr 2012,2.95026239520785,2.96076341014342,3.14415225272979,2.6614377713791,3.1378906627915,2.57504061527459,2.56906168422995,3.1629514561414,3.83307929636071,2.47987294624722,2.70736350597237,2.70161943575419
May 2012,2.96168465969925,2.97340704170564,3.14139204849921,2.67669939666434,3.16192509603987,2.54476055046313,2.5806752277021,3.17857713028238,3.87435732344125,2.47194279932107,2.70177904210786,2.73055092879403
Jun 2012,2.9752856466315,2.98782426190472,3.15911111498567,2.70220720871013,3.16447461357879,2.57470203411804,2.60208720119841,3.19588844166639,3.89044209526057,2.46395782178274,2.69718608773567,2.73299720866409
Jul 2012,2.97789644045127,2.99039123250792,3.16286591579745,2.68572937671482,3.15864002025538,2.55275461379947,2.5841476540798,3.20553430566018,3.91640953977709,2.46525550254992,2.70756612459084,2.7410680239216
Aug 2012,2.98819480480683,3.00173041569209,3.18104937880699,2.68003129759411,3.17140372629167,2.57275097777298,2.58630572764381,3.21232984215001,3.94907473636159,2.47342364528345,2.69220210629032,2.74687528134369
Sep 2012,2.98302888991986,2.9949148343855,3.17811298963145,2.69109626248392,3.16461125042202,2.55497496056577,2.56839717899224,3.21541734217933,3.93120185261808,2.45605615601297,2.71612899775892,2.74146171145628
Oct 2012,2.97217022250237,2.98494283270906,3.16825023922122,2.69016537373263,3.15969978125129,2.55502561980736,2.57609935187076,3.19929356144832,3.91732725268831,2.43012676087203,2.69719209464846,2.73583300063406
Nov 2012,2.97507277385054,2.98814166929778,3.16644936154719,2.67602770979653,3.16749193654598,2.55395523613171,2.57422470882428,3.21690140146585,3.92955888270831,2.43816415071327,2.68537750631024,2.73519125904526
Dec 2012,2.97947345484761,2.99237789993113,3.16070159419863,2.68637594060399,3.17264167881422,2.54262116246741,2.56391468982992,3.21218945325097,3.973537841629,2.4313795459146,2.6972288569329,2.74535502012372
Jan 2013,2.97288212945704,2.98548415611516,3.16302492426724,2.68396376286537,3.16166704788991,2.5266208802224,2.54225375778444,3.20558555849184,3.97017952860755,2.42202568821722,2.69457502129143,2.71509399033993
Feb 2013,2.97842806870542,2.99155432264634,3.16715015462786,2.68075919281304,3.15752050707015,2.55180875486154,2.56115972714436,3.20768277947771,3.97332495668097,2.40869234113972,2.69764913715008,2.72358525283357
Mar 2013,2.98093127242159,2.99474437648178,3.17355994864256,2.68981703139621,3.17495129152288,2.53509871587381,2.57213197057985,3.20879657833819,3.99371489901995,2.42331137334826,2.68108057354605,2.7428454904233
Apr 2013,3.00304545698363,3.01709261503307,3.19977688775001,2.69355623001373,3.18783452887607,2.56468743730419,2.57164289425438,3.24475783256245,4.0417761479017,2.44036958142369,2.69374266817181,2.74805875277037
May 2013,3.01554732975786,3.02968780289077,3.21053172458797,2.71885820438028,3.19757911704505,2.57777208719925,2.59167407942548,3.24814941286536,4.06653486615865,2.45916903669285,2.70123012556641,2.77284425937397
Jun 2013,3.03479419738225,3.04926022542683,3.23904506970243,2.73591263854362,3.21199458322968,2.56733070239839,2.5869165986908,3.28688976321856,4.12042852668047,2.47648558132324,2.7232497243633,2.77464232712009
Jul 2013,3.05146897258641,3.06694633451248,3.25968463314102,2.74199616805098,3.23338199710696,2.57316176577341,2.59892206436146,3.29751845204137,4.17100565190251,2.50020399386396,2.71384618883238,2.78208381176719
Aug 2013,3.06685600351565,3.08249846328508,3.27459926270328,2.74358381009821,3.24013009410417,2.58009497359545,2.61527161937645,3.32078185452975,4.21642465749808,2.48517398794235,2.7228694405616,2.79843824764006
Sep 2013,3.08774141262287,3.10374806809883,3.2887878695202,2.75169354382357,3.25370364130092,2.60124705067235,2.64038737008484,3.34977432265098,4.26197156402759,2.47922498535139,2.73414624947767,2.80103842701549
Oct 2013,3.09281005984462,3.10767446443683,3.31078903282166,2.75446343581743,3.26618080533988,2.59317935298416,2.62601601924387,3.35687210016074,4.26416127366109,2.46173023089308,2.76137385139859,2.81999803479867
Nov 2013,3.10028490480044,3.11644245505338,3.30560146314718,2.77838757706339,3.27318787047914,2.61123925151892,2.62813309685966,3.36747316795045,4.32127673056154,2.48480936483215,2.75624502217971,2.83076354740706
Dec 2013,3.1260796776627,3.14299632704663,3.35504517378543,2.78259187133254,3.28982547038347,2.6228224204514,2.64096764932288,3.39620092101237,4.38341357267123,2.4929365585166,2.76443828572098,2.85566046052317
Jan 2014,3.13110278957301,3.14756044923384,3.35634558493346,2.77015102088923,3.2851724853765,2.61438799484476,2.6369397000441,3.41584139212153,4.42643370448923,2.47555611746017,2.77191945910756,2.86481802661943
Feb 2014,3.14445687094604,3.16088114372327,3.36842149778447,2.78457218109554,3.3036235284783,2.63346173861651,2.64425838890361,3.42945953379689,4.44680554751318,2.50138012572699,2.78166237077708,2.87575733187518
Mar 2014,3.16027980940482,3.17818676391773,3.39670413140779,2.81395587125448,3.32347240163357,2.63146552736086,2.6545887770059,3.43847767687513,4.49944330129092,2.50866289930165,2.77347696888837,2.88863920002883
Apr 2014,3.19967743270272,3.21854594354025,3.44554400249825,2.83698744140954,3.34820564299506,2.66260966720646,2.68697360573959,3.49258624978326,4.63824487713261,2.52895260087168,2.79508185139559,2.91594334172238
May 2014,3.22612619411624,3.24509498201026,3.48974748697724,2.83166168609949,3.39825668438893,2.66327637611084,2.70011924778208,3.53718963415599,4.72208369338712,2.53198552023482,2.82558791095903,2.94779808587105
Jun 2014,3.24953566082563,3.26980169239881,3.51751441982565,2.87363763998016,3.41118051076576,2.68585723231933,2.70957805722163,3.575199866017,4.78289573298786,2.5404788445336,2.82302837957819,2.95052929482381
Jul 2014,3.28657963443971,3.30700685947667,3.56433229632903,2.88299844211461,3.43807957604194,2.69794991855873,2.72707008237715,3.63296194862234,4.86107408638459,2.55090105268907,2.85382185154838,2.96203924047164
Aug 2014,3.31669563560315,3.33881579190978,3.60029893104224,2.89536975117799,3.46069656598807,2.71818153028134,2.74876965080605,3.67767289235546,4.97337082663323,2.57165267898786,2.84704875320831,2.99865527956955
Sep 2014,3.32641376180479,3.34805244529658,3.62215305625508,2.89963008369452,3.47539860818346,2.70997269637199,2.74293837973281,3.69209175146918,4.94984105894201,2.55964201843865,2.86973005435924,2.99236784506831
Oct 2014,3.3246788406928,3.34634767512671,3.63978818215379,2.90773471184258,3.48166215345908,2.7115627129822,2.74177866278671,3.70897556886701,4.94521406164153,2.53423402592869,2.86240946654294,3.00596451599875
Nov 2014,3.33127861801068,3.35253189375852,3.64384006379344,2.91784624028812,3.48074839785949,2.71324286629884,2.74494448088267,3.72532221547213,4.93372413496678,2.55913580480303,2.88418893941183,3.01420847196517
Dec 2014,3.3411923417356,3.3641293766846,3.67645414646761,2.92017512642215,3.47806281639552,2.71160769637774,2.76418143304808,3.72722189666006,4.96844719758025,2.54566828211657,2.86117992875585,3.01415512908182
Jan 2015,3.35099498877508,3.37454994702123,3.6738298444067,2.9141877392197,3.50171028976435,2.71067229817575,2.7440243432508,3.73038483992293,4.96825787782553,2.54246169964837,2.86302434951011,3.01586283069318
Feb 2015,3.35539178039445,3.37679742564839,3.69117219555704,2.92295324520289,3.49598765799998,2.71064175585186,2.75346798538774,3.74479683135401,4.9566040246197,2.56922931689022,2.89460643896546,3.01623650045833
Mar 2015,3.35308204773617,3.37698397673048,3.69697902264447,2.91954309811083,3.50763160218517,2.70051832140451,2.7476972555386,3.76275782324091,5.01414894937406,2.54983544072085,2.85793522684129,3.02874440110365
Apr 2015,3.38648895519563,3.41158978392715,3.73382479983279,2.95506089678964,3.54106922691247,2.74996239263536,2.77699399047611,3.80020534155728,5.08563975608033,2.56921696589768,2.86667054933266,3.05868998573713
May 2015,3.39698494684499,3.42157463299729,3.78186127467762,2.95758889258756,3.55525262479741,2.76446214703375,2.78775778513662,3.83488429592408,5.12949379710524,2.57496838019319,2.89143870384733,3.06021708423881
Jun 2015,3.42931438629904,3.45343413954458,3.80416756905265,2.97025258464188,3.57943093492073,2.7729834240117,2.80001920260138,3.87251260619344,5.18287402240611,2.58646282293925,2.92424770278217,3.08266805400953
Jul 2015,3.46414178622733,3.49156996542795,3.86362343424001,3.0032283496247,3.61116320271279,2.78319639433378,2.81736918545682,3.9191283600337,5.26209487376512,2.60455371832651,2.90658946408303,3.11174658562069
Aug 2015,3.49243242855253,3.5201704066751,3.88385182765329,3.02564454554573,3.64207488590352,2.7973467256686,2.84260126907928,3.95856250402329,5.33733689008892,2.61818177866263,2.91519948375629,3.12413811282669
Sep 2015,3.51073949413898,3.53824042657933,3.89679655862848,3.04349693331603,3.65834191709797,2.80996816862906,2.84818456877545,3.98027422019223,5.3749743037829,2.6021140046473,2.93189870406685,3.12686792946427
Oct 2015,3.51963609048291,3.54756660863298,3.93838002945376,3.03832161725816,3.67364099954435,2.81068834172127,2.83957985234102,4.0092278536756,5.40897170602577,2.61396371026393,2.9524599990786,3.15568171973041
Nov 2015,3.52787082610192,3.5557803901433,3.97252388684765,3.04686483319369,3.67514254007982,2.81973676797212,2.84838120393597,4.02502734891161,5.44646283429094,2.61816253285969,2.96275748538028,3.15682512001888
Dec 2015,3.54178916467355,3.57123346236968,3.98986038467916,3.05626084954464,3.68514412171574,2.8251028317021,2.84827873145772,4.06310974436551,5.49102355212857,2.6046851117696,2.95006380132713,3.15985565369709
Jan 2016,3.57304248441195,3.60146292832457,4.0217358942909,3.0647558895504,3.71355830397204,2.81592368810404,2.84350324303219,4.08267921681019,5.55612203814982,2.5912053158215,2.9729401890188,3.18450747757843
Feb 2016,3.58358765688792,3.61375920882369,4.04294641148479,3.0598194375218,3.72644838471257,2.82208567357489,2.86942382654819,4.11425559835611,5.6271730528569,2.60891131497621,2.97409451137204,3.20399433094201
Mar 2016,3.60014943199491,3.6307959151768,4.07922911683303,3.05417087286892,3.71499308782693,2.82905755687828,2.84865113068937,4.13366495496836,5.64637704172571,2.59967780204435,2.97171045646061,3.18296927557246
Apr 2016,3.60764528997367,3.63915969667485,4.13502867418909,3.12309984380951,3.77279509050459,2.86466397676528,2.89384179082622,4.20710083819591,5.7055657226827,2.6259012465818,2.99627304937419,3.25127894301733
May 2016,3.64789231432509,3.67921425330541,4.20561865695095,3.12962183523937,3.80122335536013,2.8937878853073,2.90587551519009,4.24699445800358,5.78007306150784,2.65193850154505,3.0197103233278,3.27881871168299
Jun 2016,3.67344985032563,3.70645991513743,4.24573497703532,3.16057745929327,3.82225571720576,2.8993265570341,2.93226126458788,4.29051674323276,5.79385576071423,2.65088470736306,3.02374977312298,3.2830876747008
Jul 2016,3.70984402135427,3.74326174959842,4.28687128862528,3.19989853301386,3.87002123007413,2.92543807399062,2.95926843932142,4.33011349453345,5.88502456193785,2.6461495564514,3.05078317177418,3.31668637431965
Aug 2016,3.71753033045969,3.75203725403112,4.29902154675988,3.20015533422959,3.88475628638942,2.92744306706666,2.93486998856514,4.34329644539476,5.89034194653648,2.67534294317489,3.04410807759456,3.3210015740911
Sep 2016,3.72120782796613,3.75497747027056,4.3202053030301,3.18802545151451,3.90997497601147,2.9387105366195,2.94671126866759,4.3404626726155,5.86956637506166,2.65086867488864,3.06306337669534,3.31763657013482
Oct 2016,3.71403129245594,3.74938931735699,4.34114089597437,3.18388193391991,3.8886423743227,2.90636077136014,2.95299518604055,4.35396712529773,5.86306700226616,2.65071525330965,3.05380353656099,3.31479109243121
Nov 2016,3.71319868570198,3.74727397493279,4.35179306200062,3.20502358372778,3.89552339973175,2.93326923420699,2.93546486726666,4.34796128299234,5.83467531200765,2.63569560487218,3.06594579254587,3.33957806388333
Dec 2016,3.72637098585463,3.760155311458,4.37251014071948,3.21395509730601,3.91602562943727,2.9319993514371,2.93818872558995,4.35653199536427,5.88176556986373,2.62929241404322,3.08838763518995,3.36501802205339
Jan 2017,3.75082593098186,3.78763238703701,4.39668892800071,3.2343265113423,3.91839812816901,2.9351271282928,2.92426272099996,4.38393371524838,5.8868610513244,2.64402486705189,3.05068138592945,3.37077290919607
Feb 2017,3.74966990277891,3.78519545364266,4.40513483729853,3.22606204491598,3.92184493797492,2.92478390286726,2.9549264943409,4.38211578886066,5.92667768068743,2.62997726865326,3.05692995640924,3.3662167483815
Mar 2017,3.74820020042881,3.78386677040942,4.41251400448146,3.24597083586987,3.92191484941245,2.94335728592395,2.9307435924043,4.38857284991533,5.89051775327862,2.61683936983565,3.06638409896575,3.39154505150441
Apr 2017,3.78396400366188,3.82080874374808,4.45609870360154,3.28302945776332,3.95521123978218,2.97651016038126,2.97875394130862,4.42455705525311,5.94694108643272,2.66592063345525,3.10026308743162,3.41636658630395
May 2017,3.80790198982644,3.8471947564863,4.49811196822603,3.29794921219428,3.9976262461634,2.98777121529382,2.98892170105342,4.45783577638236,6.00107297598678,2.69094304115181,3.08477041688197,3.43400520702169
Jun 2017,3.81928183050325,3.85860069049839,4.49974123529753,3.30881310214273,4.0076057104531,3.01434305107068,3.02401039754682,4.48827534200396,5.9869118769896,2.67663536969578,3.10378274924875,3.46358805584631
Jul 2017,3.86292452440825,3.89924972038477,4.5513761416646,3.33836891251505,4.0517271434556,3.03838608382884,3.03271143396143,4.51408103232534,6.04724598105822,2.699319351377,3.1719993480068,3.49840232371093
Aug 2017,3.89359528736001,3.93275435647196,4.56965012451677,3.36270534379621,4.09350980605769,3.0590124757222,3.05580011088885,4.53795931457641,6.11055101097522,2.68324760656225,3.15107894033134,3.51871305096528
Sep 2017,3.88227985072224,3.91968965205329,4.59253750282877,3.35540700562707,4.08365727034546,3.0568568838774,3.05271645959587,4.52805417696402,6.06397866636678,2.70105399763094,3.18180182002612,3.52035071472845
Oct 2017,3.88310560917763,3.92097172722036,4.59979102994024,3.37580595303044,4.083203725646,3.04791663348605,3.06120050066412,4.54603598038789,5.99879014177143,2.70111495211886,3.19118954893959,3.53475558140559
Nov 2017,3.88174939830676,3.91983572486954,4.57562247104653,3.39070868839982,4.09748377586773,3.064538223146,3.07252676500717,4.53992843642444,5.97763358911542,2.68734040313884,3.18741002799238,3.55015818416846
Dec 2017,3.89071016334859,3.92863920803811,4.59891184076077,3.39791034879099,4.10244098720645,3.06240801814177,3.06674007063022,4.52927642366125,6.01188186766207,2.71943344937509,3.19546977070794,3.55338107504654
Jan 2018,3.90129054249275,3.937234627799,4.61208307944973,3.39244732864095,4.11805585811198,3.07308255318743,3.06873891866962,4.53285367443512,5.97066356373655,2.68419257263557,3.21377337799175,3.53284150956143
Feb 2018,3.894437230078,3.93077209951446,4.60939145110898,3.38373551055933,4.09331787065832,3.06059684175907,3.07989437594606,4.53993515648488,5.94122831173895,2.69218125979396,3.20899252023016,3.5729323120816
Mar 2018,3.89371131147713,3.92951700407657,4.61225914808172,3.39723841757112,4.12364123844298,3.07470360349101,3.06064055663683,4.53165342888922,5.9623540617667,2.65248800266274,3.21977912880223,3.56309436836501
Apr 2018,3.91001186558131,3.94786905696652,4.61981361808973,3.42532482973082,4.12739601004591,3.09468048526524,3.09286327236778,4.55483477011578,5.92380083791692,2.72724902980291,3.21700191508683,3.58605393968626
May 2018,3.9319431376046,3.96999603044962,4.63039840909461,3.44248601041674,4.14617373665456,3.09244274634238,3.1079240468716,4.58552979868398,6.03720424454375,2.72715487915384,3.2251036112639,3.6097877181441
Jun 2018,3.95099761981753,3.98592696551275,4.64023058728634,3.48757268821777,4.19924556067747,3.13581971763401,3.12871066667903,4.58682290384014,5.99430698976456,2.71500717184345,3.28909806056527,3.64499691547913
Jul 2018,3.9878186033619,4.02331242566756,4.68092836548906,3.53469745214079,4.2311307253079,3.15656868034851,3.13986216920398,4.61086992313793,6.00833513987579,2.72049937737305,3.31744932314362,3.66408097676363
Aug 2018,4.00526216455556,4.04166092086918,4.71735742639537,3.53645714958161,4.23320126048505,3.17635507807214,3.18031390746057,4.61721702021977,5.99987621540065,2.74371516616779,3.31222740145387,3.67734167447248
Sep 2018,4.01984937590376,4.05599922257343,4.68785719264653,3.52974158890263,4.26089772337434,3.16388315801519,3.14886621641287,4.65568019787558,6.01380348392814,2.7678149071715,3.3421817575542,3.69671225718538
