objectid,lau118cd,lau118nm,bng_e,bng_n,long,lat,st_areashape,st_lengthshape
1,E06000001,Hartlepool,447157,531476,-1.27023005,54.67615891,93559512.711758,71707.0944841159
2,E06000002,Middlesbrough,451141,516887,-1.21098995,54.5446701,53888581.0809124,43840.8463707589
3,E06000003,Redcar and Cleveland,464359,519597,-1.00610995,54.56752014,244820281.231082,97993.2874462162
4,E06000004,Stockton-on-Tees,444937,518183,-1.30668998,54.55691147,204962232.27883,119581.49134529
5,E06000005,Darlington,428029,515649,-1.56834996,54.5353508,197475688.954297,107206.282926219
6,E06000006,Halton,354246,382146,-2.68852997,53.33423996,79084033.0039885,77770.9320720281
7,E06000007,Warrington,362744,388456,-2.56167006,53.39162827,180627988.02255,114690.700006723
8,E06000008,Blackburn with Darwen,369490,422806,-2.46359992,53.70080185,137022077.719719,65284.9708490121
9,E06000009,Blackpool,332763,436633,-3.02284002,53.8216095,34851506.0446447,34940.0402925914
10,E06000010,"Kingston upon Hull, City of",511894,431716,-0.30379999,53.76979065,71449804.3648217,64387.2927501538
11,E06000011,East Riding of Yorkshire,488051,443608,-0.66202998,53.88122177,2406491185.19914,505424.250660434
12,E06000012,North East Lincolnshire,523454,404574,-0.13926999,53.52336121,191863781.060852,86544.3995007539
13,E06000013,North Lincolnshire,497798,410996,-0.52410001,53.58644867,846296593.675727,241106.59889161
14,E06000014,York,460864,452589,-1.07375002,53.96582031,271936983.4681,101957.483690961
15,E06000015,Derby,435609,335375,-1.47188997,52.91463852,78031122.0373969,50037.5395610221
16,E06000016,Leicester,458946,304594,-1.13039994,52.63592148,73342069.7187756,51931.7063411807
17,E06000017,Rutland,492992,308655,-0.62629998,52.66764832,393748905.720645,125884.792335271
18,E06000018,Nottingham,456082,339969,-1.16666996,52.9541893,74613562.9977469,58724.0264957715
19,E06000019,"Herefordshire, County of",349434,242834,-2.73931003,52.08153915,2179709447.06645,349888.722457902
20,E06000020,Telford and Wrekin,367035,313057,-2.48940992,52.71416855,290313546.428236,118779.667143942
21,E06000021,Stoke-on-Trent,389438,346652,-2.15888,53.01707077,93448485.2555324,63974.4081284369
22,E06000022,Bath and North East Somerset,366217,161999,-2.48654008,51.35604095,351123210.187092,141684.53776409
23,E06000023,"Bristol, City of",359990,174846,-2.57742,51.47114944,109700128.865088,109722.672352682
24,E06000024,North Somerset,347613,166719,-2.75439,51.39707184,374639658.983442,153769.819136441
25,E06000025,South Gloucestershire,367559,183196,-2.46921992,51.54671097,496947071.714902,143123.421264162
26,E06000026,Plymouth,249944,58255,-4.1129899,50.40494156,79830102.8571371,94431.7051637171
27,E06000027,Torbay,289730,64608,-3.5552299,50.4708786,62890843.7377801,78677.6479323334
28,E06000028,Bournemouth,410069,93928,-1.85863996,50.7448616,46178057.6319215,48619.6950317307
29,E06000029,Poole,403393,93466,-1.95326996,50.74077988,64767757.1509418,73803.1227221988
30,E06000030,Swindon,418551,186564,-1.73367,51.57762909,230093380.793234,103014.580608675
31,E06000031,Peterborough,517372,300777,-0.26874,52.5921402,343378168.40187,112677.930063303
40,E06000040,Windsor and Maidenhead,492079,176541,-0.67540997,51.48033905,198427168.606024,114829.087115419
41,E06000041,Wokingham,476624,169902,-0.89934999,51.42295837,178965481.032814,86865.5835802137
42,E06000042,Milton Keynes,486408,242308,-0.74070001,52.07241058,308626792.950934,102960.084732436
43,E06000043,Brighton and Hove,530279,106849,-0.15079001,50.84648895,82785262.4838553,59061.869494026
44,E06000044,Portsmouth,465607,101357,-1.07023001,50.80804825,40364178.756461,60863.2024022161
45,E06000045,Southampton,442253,113608,-1.40024996,50.92037964,49900875.549853,58966.8605018291
32,E06000032,Luton,508606,222559,-0.42319,51.89102173,43352495.1874126,34569.5865193338
33,E06000033,Southend-on-Sea,587776,186833,0.70690602,51.54914093,41755607.6445465,43367.3565980375
34,E06000034,Thurrock,562126,181586,0.33490199,51.5099411,163493486.775182,94113.6243756815
35,E06000035,Medway,578207,175196,0.563173,51.44770813,193540413.735904,189674.048872717
36,E06000036,Bracknell Forest,488169,168792,-0.73363,51.41130066,109384210.773241,62507.9159900063
37,E06000037,West Berkshire,450575,172095,-1.27364004,51.44559097,704169403.39958,166801.570121006
46,E06000046,Isle of Wight,447186,85950,-1.33361995,50.67129898,380164379.282176,192524.447502318
47,E06000047,County Durham,410381,532242,-1.8405,54.68513107,2231542399.13429,315237.398863585
48,E06000049,Cheshire East,380510,363462,-2.29298997,53.1679306,1166357385.30582,301224.594426715
49,E06000050,Cheshire West and Chester,353097,363145,-2.70298004,53.1633606,916700551.208607,307826.965041307
50,E06000051,Shropshire,350227,302960,-2.73667002,52.6221199,3197275385.17108,580648.558157442
51,E06000052,Cornwall,212501,64494,-4.64248991,50.45022964,3549500869.93374,1198960.02725425
52,E06000053,Isles of Scilly,91327,11447,-6.3021698,49.92332077,16337568.6513949,116312.015746637
53,E06000054,Wiltshire,405209,158863,-1.92660999,51.32883072,3255338111.52377,402006.233070413
54,E06000055,Bedford,505721,256463,-0.45462999,52.19628143,476408304.746864,131721.047191327
55,E06000056,Central Bedfordshire,504615,234492,-0.47753999,51.99903107,715665293.824605,232692.275432871
56,E06000057,Northumberland,395323,600699,-2.07521009,55.30036926,5026214898.48348,584227.575486754
57,E07000004,Aylesbury Vale,477330,223021,-0.87746,51.90037918,902753230.25323,243091.481221902
58,E07000005,Chiltern,495432,198692,-0.62111998,51.67890167,196348229.861837,87262.4476749079
59,E07000006,South Bucks,498198,185455,-0.58484,51.55944061,141275608.713393,85473.7580835293
60,E07000007,Wycombe,482477,197052,-0.80883002,51.66619873,324572080.624216,113201.554384358
124,E07000091,New Forest,428999,106521,-1.58936,50.85747147,753040109.548756,267187.760339745
125,E07000092,Rushmoor,486022,153944,-0.76806998,51.27814865,39045037.5208669,31892.9885456224
126,E07000093,Test Valley,434930,137329,-1.50214005,51.13417053,627590322.332691,189027.311649691
127,E07000094,Winchester,453115,125901,-1.24392998,51.03002167,660974535.604376,172255.187458864
128,E07000095,Broxbourne,534742,204251,-0.05073,51.72079849,51442306.1033277,39068.5880395409
129,E07000096,Dacorum,500084,208745,-0.55097997,51.76845169,212476399.666385,110103.590064814
130,E07000098,Hertsmere,519774,199352,-0.26899001,51.68016815,101128161.070977,61228.0585616145
131,E07000099,North Hertfordshire,522192,230256,-0.22314,51.95737839,375382308.880304,168316.595119579
132,E07000102,Three Rivers,507313,196418,-0.45005,51.65631866,88824172.9448137,74112.2805016777
160,E07000131,Harborough,474549,293875,-0.90228999,52.53765869,592692037.333536,185950.642085481
161,E07000132,Hinckley and Bosworth,439538,301379,-1.41754997,52.60876846,297349264.951681,111595.998686428
162,E07000133,Melton,477328,323472,-0.85439998,52.80329132,481380513.534144,140629.238046285
163,E07000134,North West Leicestershire,439111,316252,-1.42209005,52.74250031,279328078.843612,116453.019704526
220,E07000202,Ipswich,616954,244670,1.16326702,52.05791855,39522489.1950293,44885.1208388048
221,E07000203,Mid Suffolk,611646,262338,1.09695303,52.21858978,871070650.020951,191154.564185775
38,E06000038,Reading,470226,173154,-0.99071002,51.45301819,40397991.5698547,39330.6468303151
39,E06000039,Slough,498920,179246,-0.57617003,51.50350189,32542008.8858654,44181.3798699839
61,E07000008,Cambridge,545420,257901,0.126436,52.20016861,40698798.325104,37170.4346798301
62,E07000009,East Cambridgeshire,555577,275765,0.28316301,52.35787964,651279285.905231,234015.780354235
63,E07000010,Fenland,536361,294959,0.009016,52.53543854,546450036.969946,187881.703803366
64,E07000011,Huntingdonshire,521010,274271,-0.22466999,52.35316849,912458401.072672,223625.897143915
65,E07000012,South Cambridgeshire,543295,247586,0.091017,52.1080513,901627228.216796,257042.717494698
66,E07000026,Allerdale,317516,532995,-3.28096008,54.68523026,1257798809.86263,332948.73092076
67,E07000027,Barrow-in-Furness,321750,474171,-3.19975996,54.15737152,77978671.1714189,120465.132838785
68,E07000028,Carlisle,348444,565195,-2.80704999,54.97867966,1039297852.25631,274824.884053806
69,E07000029,Copeland,310871,508741,-3.37664008,54.46619034,737613563.47546,233223.049390721
70,E07000030,Eden,359636,526396,-2.62678003,54.63106918,2156474483.61739,268724.709987514
71,E07000031,South Lakeland,349265,489554,-2.78108001,54.29906845,1553032017.0898,384090.837018435
72,E07000032,Amber Valley,436166,348084,-1.46219003,53.02883911,265437862.99374,109035.244476476
73,E07000033,Bolsover,448666,371548,-1.27227998,53.23875046,160334653.840148,96238.9477402988
74,E07000034,Chesterfield,440049,373359,-1.40114999,53.25574875,66035290.2908705,52617.6182198126
75,E07000035,Derbyshire Dales,419697,358493,-1.70711005,53.1232605,795318060.251732,245474.060702501
76,E07000036,Erewash,443721,338063,-1.35090005,52.9382019,109630046.226077,73547.4022968773
77,E07000037,High Peak,410474,387660,-1.84397995,53.38568878,540253999.553892,159632.564739267
78,E07000038,North East Derbyshire,437369,362955,-1.44253004,53.16242981,275623527.349148,161243.22433065
79,E07000039,South Derbyshire,431434,325365,-1.53494,52.82492065,338128985.177154,166772.347560952
80,E07000040,East Devon,313775,96055,-3.22380996,50.75764847,814361618.849382,218254.550631682
81,E07000041,Exeter,293236,92003,-3.51372004,50.71780014,47042952.795826,47533.955094924
82,E07000042,Mid Devon,288064,108911,-3.59211993,50.86882019,912897723.42553,246408.589979298
83,E07000043,North Devon,265110,132524,-3.92690992,51.07612991,1086031783.76067,305485.64266638
84,E07000044,South Hams,270677,54033,-3.81994009,50.37192154,886484969.635688,464362.364404898
85,E07000045,Teignbridge,283069,80251,-3.65395999,50.61019897,673892705.325674,187845.516958532
86,E07000046,Torridge,244206,114405,-4.21730995,50.90802002,985356186.011901,313692.006672291
87,E07000047,West Devon,256379,86998,-4.03356981,50.66487885,1161094498.73548,246745.372720006
88,E07000048,Christchurch,413093,96313,-1.81570005,50.76625061,50375671.5729612,64049.8575114444
89,E07000049,East Dorset,401685,109966,-1.97739995,50.8891716,354417945.909635,138644.611724695
90,E07000050,North Dorset,381794,113407,-2.26037002,50.91981888,609217913.3076,158747.015169312
91,E07000051,Purbeck,391183,88321,-2.12617993,50.69445038,404412359.5815,218717.127886516
92,E07000052,West Dorset,357765,99663,-2.60061002,50.79497147,1081528617.02712,286933.443771466
93,E07000053,Weymouth and Portland,368175,81510,-2.45133996,50.63240051,41777986.4996952,72412.4621828573
94,E07000061,Eastbourne,559351,99605,0.258699,50.77413177,44159454.6297463,35287.0490520242
119,E07000086,Eastleigh,447202,116802,-1.32942998,50.94871902,79764220.65322,74041.5741316342
95,E07000062,Hastings,581599,110745,0.57942897,50.8676796,29724298.2895681,33473.5116739226
96,E07000063,Lewes,541474,105685,0.007671,50.83340836,292064227.048904,167744.911507265
97,E07000064,Rother,578730,119663,0.543064,50.94868088,511745170.999393,177389.691885365
98,E07000065,Wealden,555048,117173,0.205153,50.93315887,834998450.103126,225322.000589489
99,E07000066,Basildon,571548,190848,0.47505501,51.59035873,110025280.633148,72080.9512857116
100,E07000067,Braintree,577253,227335,0.57591099,51.91633987,611707970.958946,168686.351196327
101,E07000068,Brentwood,558560,196070,0.29009101,51.64107895,153124048.243577,72339.3686731592
102,E07000069,Castle Point,579490,187921,0.58808398,51.56159973,45070491.0316717,68031.1021896701
103,E07000070,Chelmsford,572115,206972,0.49116299,51.73503113,342251396.211513,124434.752502369
104,E07000071,Colchester,596944,223692,0.85977602,51.87701035,333184996.977079,204996.573618172
105,E07000072,Epping Forest,548919,203758,0.154147,51.71279144,338984123.208019,123273.061561552
120,E07000087,Fareham,453774,106324,-1.23741996,50.85393143,74239165.127482,65036.2276692291
121,E07000088,Gosport,458773,101094,-1.16725004,50.80641174,25358121.4980545,38330.0889374277
106,E07000073,Harlow,545276,209589,0.103888,51.76613998,30537916.439757,28515.3661766952
107,E07000074,Maldon,591460,212199,0.773857,51.77571106,358679807.435789,336116.821456826
108,E07000075,Rochford,585981,191420,0.68347299,51.59093094,169495489.089058,179169.826945018
109,E07000076,Tendring,614203,222163,1.10918295,51.85692978,337736719.273585,227452.635221718
110,E07000077,Uttlesford,557832,228865,0.294485,51.93592072,641182810.856232,166508.36559216
111,E07000078,Cheltenham,394925,222232,-2.07515001,51.89860916,46596067.4415419,38230.7496264797
112,E07000079,Cotswold,402125,208209,-1.97059,51.77254868,1164524406.79496,332444.232080675
113,E07000080,Forest of Dean,367175,212759,-2.47755003,51.81248856,526293439.997905,188641.974769313
122,E07000089,Hart,477985,154240,-0.88321,51.28197098,215265080.608001,77847.6234183871
123,E07000090,Havant,470177,108563,-1.00399995,50.87229919,55372992.0887921,95966.1376216568
114,E07000081,Gloucester,384071,216449,-2.23263001,51.84640884,40553087.9917449,33539.5900506925
115,E07000082,Stroud,378806,202410,-2.30819988,51.72000885,460650082.91599,172422.974331269
116,E07000083,Tewkesbury,386347,226279,-2.19998002,51.93484879,414414330.334488,204834.965424796
117,E07000084,Basingstoke and Deane,454508,151423,-1.22020996,51.2593689,633817169.870596,143437.057847152
118,E07000085,East Hampshire,474404,129237,-0.93971002,51.05765152,514432071.586936,144540.453365186
133,E07000103,Watford,510441,198197,-0.40428999,51.67169952,21430348.3833404,26392.3395749527
134,E07000105,Ashford,597640,140644,0.82337397,51.13095856,580617297.676438,149446.359799199
135,E07000106,Canterbury,616026,158096,1.09625697,51.28102875,308883623.746996,131969.038168454
136,E07000107,Dartford,556167,172917,0.245276,51.43373108,72764006.5409732,56215.540665673
137,E07000108,Dover,628967,150940,1.27692902,51.21173859,315066062.312164,139292.924186835
138,E07000109,Gravesham,566969,169115,0.39874399,51.39649963,99020166.1876792,60505.258946027
139,E07000110,Maidstone,580489,151670,0.58406103,51.23566055,393332649.374505,122946.337291761
140,E07000111,Sevenoaks,552776,155218,0.188936,51.27563095,370346874.057173,134435.271000307
141,E07000112,Shepway,610318,134597,1.00079596,51.07215118,356764723.676664,148352.525154486
142,E07000113,Swale,593761,161976,0.77952999,51.32387161,374466772.829358,252594.373686146
143,E07000114,Thanet,631844,166753,1.32829797,51.35253143,103338982.102864,56839.0924544959
144,E07000115,Tonbridge and Malling,564014,153898,0.34930599,51.26063919,240125399.200453,133528.39221445
145,E07000116,Tunbridge Wells,573139,136599,0.471632,51.10253906,331328869.779608,150590.310282347
146,E07000117,Burnley,384886,430882,-2.23079991,53.7740593,110683996.157082,57764.4855887173
147,E07000118,Chorley,359189,419724,-2.61921,53.67240143,202796539.178528,102881.232712259
148,E07000119,Fylde,339562,433812,-2.91901994,53.79710007,165770483.577947,105571.0354832
149,E07000120,Hyndburn,374407,428971,-2.38964009,53.75648117,72997477.4870076,42655.482664837
150,E07000121,Lancaster,356896,464988,-2.66030002,54.07901001,576217407.502201,322522.244872434
151,E07000122,Pendle,387637,443368,-2.18956995,53.88636017,169380097.366668,79243.550670478
152,E07000123,Preston,352820,436429,-2.71816993,53.82199097,142293640.468131,79082.485151859
153,E07000124,Ribble Valley,372687,447676,-2.41739988,53.92449951,584471494.603164,150499.85763748
154,E07000125,Rossendale,382827,420955,-2.26149011,53.68478012,138040900.930872,71149.6837045095
155,E07000126,South Ribble,352016,425840,-2.72872996,53.72674942,112955573.965741,94374.7300126446
156,E07000127,West Lancashire,342611,413268,-2.8689301,53.61280823,346783946.96459,156000.645352629
157,E07000128,Wyre,347227,445159,-2.80462003,53.89990997,282147533.71965,191451.040617193
158,E07000129,Blaby,454385,297994,-1.19886994,52.5770607,130468686.101934,100819.762169785
159,E07000130,Charnwood,458365,316155,-1.13694,52.73989868,279042262.578749,115474.232010372
164,E07000135,Oadby and Wigston,461543,299379,-1.09300005,52.58874893,23526097.0136007,31171.7429906875
165,E07000136,Boston,526851,343953,-0.11218,52.97793961,364889916.187153,156195.198266961
166,E07000137,East Lindsey,534862,376106,0.020549,53.26483154,1765004482.10665,316614.248288172
211,E07000193,East Staffordshire,412601,326569,-1.81438005,52.8365097,389985154.880889,183775.436398559
212,E07000194,Lichfield,416283,310967,-1.76048994,52.69615173,331294320.813421,127468.131918204
213,E07000195,Newcastle-under-Lyme,378199,345174,-2.32630992,53.00344849,210957320.36014,108258.8681847
214,E07000196,South Staffordshire,389625,311037,-2.1549499,52.69691849,407322251.596631,184894.033890273
215,E07000197,Stafford,389001,327836,-2.1647501,52.84791946,598172229.73561,159078.516032789
167,E07000138,Lincoln,496347,370096,-0.55848002,53.21921158,35690279.2186958,32969.6826269951
168,E07000139,North Kesteven,502135,354788,-0.47670001,53.08058167,922471382.09622,181807.535283377
169,E07000140,South Holland,532909,322928,-0.03058,52.78757858,750912086.304854,198169.798719623
170,E07000141,South Kesteven,501406,328986,-0.49564999,52.84885025,942585796.049494,209816.198498713
171,E07000142,West Lindsey,499314,390326,-0.50774002,53.40044022,1155731949.36944,249630.456315861
172,E07000143,Breckland,591015,303330,0.81871599,52.59421158,1305116642.12977,239527.477314707
173,E07000144,Broadland,619865,315909,1.25233197,52.6962204,552400758.760578,205126.138360251
174,E07000145,Great Yarmouth,646760,315882,1.64949596,52.68439865,174470644.820085,137814.110711944
175,E07000146,King's Lynn and West Norfolk,571220,315805,0.53325802,52.71282959,1438842452.45103,432721.329602469
176,E07000147,North Norfolk,611083,330845,1.132195,52.83377838,964046156.611872,357487.579674179
177,E07000148,Norwich,622355,309773,1.28497899,52.64012909,39023519.5753047,52508.9750144674
178,E07000149,South Norfolk,628991,295823,1.37324798,52.51218033,907705133.520249,258369.265410838
179,E07000150,Corby,487862,290681,-0.7069,52.50696945,80280908.3460188,66291.4903690737
180,E07000151,Daventry,467286,268437,-1.01446998,52.30994034,665600471.028371,181982.541517409
181,E07000152,East Northamptonshire,501344,287839,-0.50919998,52.47909164,509787250.157162,163228.718250775
182,E07000153,Kettering,483866,282852,-0.76773,52.43722916,233489923.87983,100689.368723757
183,E07000154,Northampton,476495,260539,-0.88121003,52.23775101,80771940.0185159,46341.4287971071
184,E07000155,South Northamptonshire,463000,247077,-1.08129001,52.11843872,634023175.529931,225304.009887455
185,E07000156,Wellingborough,487787,266827,-0.71425003,52.29257965,163036490.9256,69758.3333550879
186,E07000163,Craven,389514,461989,-2.16165996,54.05376053,1178807442.52094,199883.601381587
187,E07000164,Hambleton,443009,490546,-1.34048998,54.30871964,1311228117.86942,298519.475635932
188,E07000165,Harrogate,427473,464652,-1.58160996,54.07707977,1309127597.59985,246964.324857908
189,E07000166,Richmondshire,401039,495786,-1.98552001,54.3576088,1318707280.58096,221709.925574323
190,E07000167,Ryedale,475590,478890,-0.84276998,54.20021057,1506593794.13773,249893.858455836
191,E07000168,Scarborough,495797,495547,-0.52780002,54.34648895,816487082.652631,243175.546449536
192,E07000169,Selby,457551,426670,-1.12908006,53.73326874,599310810.388429,264868.938477634
193,E07000170,Ashfield,450035,355843,-1.25422001,53.09746933,109557940.246458,69174.7053463363
194,E07000171,Bassetlaw,468073,384835,-0.97869998,53.35604095,637803906.170728,159735.833851504
195,E07000172,Broxtowe,449829,341893,-1.25943995,52.9720993,80098845.9263779,65999.6214656575
196,E07000173,Gedling,459184,347811,-1.11907005,53.02434158,119981499.638139,69754.265101718
197,E07000174,Mansfield,455047,363637,-1.17804003,53.16703033,76696895.9878188,51090.7351107374
198,E07000175,Newark and Sherwood,470624,357451,-0.94643003,53.10960007,651340475.780747,187422.172192469
199,E07000176,Rushcliffe,466606,335453,-1.01097,52.91239929,409231529.79936,123324.13340758
200,E07000177,Cherwell,449301,221201,-1.28506005,51.8871994,588741171.946731,225625.530940284
216,E07000198,Staffordshire Moorlands,400543,352443,-1.99334002,53.06924057,575849816.226046,152447.971105776
217,E07000199,Tamworth,421455,302550,-1.68450999,52.62031174,30850724.4721729,30729.9145055703
218,E07000200,Babergh,599994,244657,0.91623098,52.06417847,595214506.123781,190631.736117624
219,E07000201,Forest Heath,572316,273586,0.52760601,52.33330917,377710787.066932,146442.656238547
201,E07000178,Oxford,452277,206368,-1.24405003,51.75357056,45602891.8099832,34999.020533814
202,E07000179,South Oxfordshire,463890,191964,-1.07846999,51.62287903,678537173.846417,205361.184081798
203,E07000180,Vale of White Horse,435693,195197,-1.48543,51.65443039,578644544.786504,175937.886308963
204,E07000181,West Oxfordshire,434343,215816,-1.50292003,51.83990097,714422027.522386,160247.37512712
205,E07000187,Mendip,362238,144090,-2.54177999,51.19475937,739435426.004075,198849.738807998
206,E07000188,Sedgemoor,338426,143997,-2.88250995,51.19184875,564358324.072621,243393.16543063
207,E07000189,South Somerset,345633,120798,-2.7758801,50.98398972,959040233.164018,241316.718387625
208,E07000190,Taunton Deane,318327,123470,-3.16542006,51.00479126,462366996.465636,174002.212697569
209,E07000191,West Somerset,294768,136702,-3.50494003,51.11989975,726897626.751683,176561.694253652
210,E07000192,Cannock Chase,401261,311553,-1.98276997,52.70166016,78882572.876102,50127.5777324873
222,E07000204,St Edmundsbury,582672,265927,0.675273,52.26118088,656964995.447719,204397.204678099
223,E07000205,Suffolk Coastal,633247,258767,1.41014194,52.17782974,891729648.004377,388970.837133403
224,E07000206,Waveney,642301,287890,1.56323695,52.43524933,370131708.386517,158465.270625555
225,E07000207,Elmbridge,511882,163658,-0.39441001,51.36098099,96334279.3198791,52205.9696451705
226,E07000208,Epsom and Ewell,521176,161475,-0.26172,51.33945084,34079154.7948337,28503.6772692096
227,E07000209,Guildford,500408,151481,-0.56256998,51.25365829,270931185.378944,128414.079657737
228,E07000210,Mole Valley,518377,148953,-0.30603001,51.22748947,258320947.95288,105402.650414799
229,E07000211,Reigate and Banstead,525786,152574,-0.19870999,51.258461,129143924.043128,79923.3683084936
230,E07000212,Runnymede,501777,166979,-0.53855002,51.39273071,78040686.1335468,45677.2925999533
231,E07000213,Spelthorne,507012,169622,-0.46254,51.41551971,51161363.3983365,44134.4401661128
232,E07000214,Surrey Heath,491362,160483,-0.68985999,51.33610153,95092968.6757871,53559.6328577429
233,E07000215,Tandridge,536365,150325,-0.04805,51.23580933,248194570.70579,83136.7968808657
234,E07000216,Waverley,496363,140635,-0.62343001,51.15686035,345170245.887784,125435.758595443
235,E07000217,Woking,499087,157542,-0.57981998,51.30836868,63603602.3054934,54781.3134826386
236,E07000218,North Warwickshire,425570,296399,-1.62419999,52.56483841,284263710.777743,113280.515372624
237,E07000219,Nuneaton and Bedworth,435419,289352,-1.47965002,52.50093842,78950300.5264506,48148.5842918735
238,E07000220,Rugby,446498,276244,-1.31827998,52.38227844,353557292.145592,115093.366656143
239,E07000221,Stratford-on-Avon,425019,251536,-1.63565004,52.16154099,977869059.052328,261383.659916791
240,E07000222,Warwick,428484,267113,-1.58369005,52.3014183,282882315.644934,116717.108459825
241,E07000223,Adur,518065,106473,-0.32433,50.84572983,41929795.9315324,56705.3936870757
242,E07000224,Arun,495145,105724,-0.64998001,50.84320831,220932568.18428,153690.724542204
243,E07000225,Chichester,490285,116600,-0.71630001,50.94176865,786216149.110056,243041.864257634
244,E07000226,Crawley,526390,137581,-0.19532999,51.12356949,44971204.1944965,38799.4108801409
245,E07000227,Horsham,513676,123839,-0.38123,51.00270844,530270865.190069,212479.764215648
246,E07000228,Mid Sussex,533054,130623,-0.10272,51.05952835,334029224.309784,132912.148736414
256,E07000242,East Hertfordshire,537995,220370,0.002739,51.86484909,475669221.054808,135188.781325841
247,E07000229,Worthing,512679,104948,-0.40127,50.83309937,32521832.7599735,29411.5441155256
248,E07000234,Bromsgrove,399840,273736,-2.0037601,52.36169052,216968484.881107,113135.320094585
249,E07000235,Malvern Hills,377465,252197,-2.33088994,52.16757965,577070980.136312,230605.324033376
250,E07000236,Redditch,403705,265253,-1.94710004,52.28541183,54250912.8719794,41301.7135969235
283,E08000027,Dudley,393191,288584,-2.10171008,52.49512863,97958244.6993791,75382.1387509562
284,E08000028,Sandwell,399573,290764,-2.00770998,52.51477051,85558925.9947497,59210.7234972222
285,E08000029,Solihull,419434,281483,-1.71557999,52.43099976,178282109.186068,101031.202304072
286,E08000030,Walsall,402098,300804,-1.97044003,52.60503006,103973544.783626,59405.3030233084
287,E08000031,Wolverhampton,391463,300016,-2.12746,52.59788132,69436702.7175835,56058.8773358062
288,E08000032,Bradford,408395,438626,-1.87389004,53.84381866,366419731.358735,135920.236939806
289,E08000033,Calderdale,402617,424896,-1.96182001,53.72048187,363960999.656587,107687.155125109
290,E08000034,Kirklees,414586,416223,-1.78085005,53.64233017,408551661.824684,125668.19527831
291,E08000035,Leeds,432528,436384,-1.50735998,53.82273102,551706533.082979,161521.60049507
292,E08000036,Wakefield,438366,418235,-1.42092001,53.65922165,338619733.595532,109447.255239412
251,E07000237,Worcester,385725,255196,-2.2102499,52.1948204,33278124.5789371,31263.0449428551
252,E07000238,Wychavon,398991,247839,-2.01613998,52.12886047,663541964.400814,219519.6173977
253,E07000239,Wyre Forest,384106,276388,-2.23494005,52.38529968,195403719.615427,100867.078386282
254,E07000240,St Albans,514580,209623,-0.3407,51.77355957,161205875.511648,72946.0571029464
255,E07000241,Welwyn Hatfield,525345,208467,-0.18517999,51.76087189,129536893.582728,82391.8587791824
257,E07000243,Stevenage,524622,224531,-0.18987,51.90539169,25969242.702776,28588.2141103651
258,E08000001,Bolton,368352,409873,-2.47952008,53.58449173,139792052.869564,82646.8760202932
259,E08000002,Bury,379658,410768,-2.30879998,53.5931015,99460126.5478258,68541.7099071691
260,E08000003,Manchester,384591,397063,-2.23358989,53.47008896,115648229.027544,86850.9962244639
261,E08000004,Oldham,396603,406784,-2.0527401,53.55767822,142344917.565742,71165.6790287157
262,E08000005,Rochdale,390315,412326,-2.14784002,53.60741043,158128178.436336,82713.0475679599
263,E08000006,Salford,374556,398128,-2.38485003,53.47927094,97197268.2135784,63268.4573014771
264,E08000007,Stockport,391806,388264,-2.12467003,53.39115906,126040274.929794,73638.5766815718
265,E08000008,Tameside,394987,397995,-2.0769999,53.47866821,103154301.550461,55988.9469323296
266,E08000009,Trafford,375790,391162,-2.36572003,53.4167099,106044768.368378,60712.6020378813
267,E08000010,Wigan,362136,402126,-2.57246995,53.51445007,188171015.105711,88690.0074789644
268,E08000011,Knowsley,344762,393778,-2.8329699,53.43788147,86500064.5060068,68167.3515421206
269,E08000012,Liverpool,339361,390553,-2.91364002,53.40829849,111835574.201706,62699.988821618
270,E08000013,St. Helens,353412,395992,-2.70309997,53.45861816,136358792.17692,76386.5332646278
271,E08000014,Sefton,334264,398832,-2.99203992,53.48210144,154990926.199024,120319.72024967
272,E08000015,Wirral,329242,386937,-3.06502008,53.37453842,157046389.816389,75204.9902922748
273,E08000016,Barnsley,429979,403327,-1.54925001,53.52576828,329077594.511547,126421.060736438
274,E08000017,Doncaster,459167,403735,-1.10894001,53.52696991,568022011.882767,171071.57118868
275,E08000018,Rotherham,447542,388980,-1.28650999,53.3955307,286534365.991184,106151.902204818
276,E08000019,Sheffield,430511,389736,-1.54253995,53.40357971,367930016.241029,132837.058438696
277,E08000021,Newcastle upon Tyne,422287,569662,-1.65296996,55.02101135,113456191.158938,65248.2967111773
278,E08000022,North Tyneside,431471,570602,-1.50923002,55.02896118,82317112.2829725,65430.5313347433
279,E08000023,South Tyneside,435503,564057,-1.44695997,54.96987915,64394241.0794356,51107.2394120233
280,E08000024,Sunderland,436470,551525,-1.43343997,54.85720062,137438872.523556,99845.9554358683
281,E08000025,Birmingham,408150,287352,-1.88141,52.48403931,267791067.240406,106260.43876691
282,E08000026,Coventry,432807,279689,-1.51908004,52.41423035,98639062.7696467,54057.1876455179
293,E08000037,Gateshead,420168,559658,-1.6868,54.93119812,142359276.707027,89671.6126383971
294,E09000001,City of London,532382,181358,-0.09351,51.51564026,2903926.47963706,9249.71985440703
295,E09000002,Barking and Dagenham,547759,185107,0.12950601,51.54552078,36107812.170422,40695.5477234257
296,E09000003,Barnet,523472,191753,-0.21821,51.61108017,86748323.4991247,50818.3732582215
297,E09000004,Bexley,549202,175433,0.146212,51.45820999,60576264.7201188,45157.5702306674
300,E09000007,Camden,527492,184284,-0.16289,51.5430603,21789301.7018124,26150.6762679455
301,E09000008,Croydon,533922,164745,-0.07761,51.36597824,86494435.729644,58703.7756668475
302,E09000009,Ealing,517057,181960,-0.31406999,51.52442932,55544346.2920551,47438.6639209615
304,E09000011,Greenwich,542508,175881,0.050108,51.46395874,47334079.1928292,47610.7312604407
298,E09000005,Brent,519615,186468,-0.27568001,51.56441116,43232646.3527892,38333.8389870288
299,E09000006,Bromley,542036,165708,0.039246,51.37266922,150134859.547168,76163.8081656618
303,E09000010,Enfield,532829,196197,-0.08147,51.64888,82200193.5515812,41064.4721171302
305,E09000012,Hackney,534560,185787,-0.06045,51.5549202,19049030.6858403,25382.8306902187
361,S30000024,South Ayrshire,226544,596270,-4.72901011,55.23006821,1224125109.67931,331695.625512399
362,S30000025,South Lanarkshire,284635,636070,-3.83270001,55.60451889,1773926670.23057,283951.131071704
363,S30000026,Aberdeen City,387762,808483,-2.204,57.16701126,185700631.233299,126313.431882877
364,S30000027,Aberdeenshire,352286,816276,-2.79204988,57.23468018,6317995999.63286,800985.112915444
365,S30000028,Ross and Cromarty,233927,877055,-4.7924099,57.75234985,5202051845.19025,1288747.28869303
366,S30000029,Caithness and Sutherland,271976,929385,-4.1820302,58.23450089,7862109360.72613,1493673.53266801
367,S30000030,Inverness and Nairn,253629,829594,-4.43312979,57.33327866,3331510381.18443,350333.960758476
368,S30000031,Badenoch and Strathspey,278552,799988,-4.00497007,57.07482147,2369813239.77625,300261.880763487
369,S30000032,West Moray,318815,831359,-3.35134006,57.36540985,1414359227.23543,385614.20757718
370,S30000033,North East Moray,343183,855867,-2.95200992,57.58921814,823205201.501416,260963.357821847
371,S30000034,Arran and Cumbrae,195921,636363,-5.23905993,55.57804108,445619079.290381,156771.011058442
372,S30000035,Argyll and Bute Islands,161659,737691,-5.87131023,56.4708519,2132907394.32798,1844452.35607883
373,S30000036,Argyll and Bute Mainland,200740,715442,-5.22113991,56.28942871,4493659278.80077,1846869.01994656
374,S30000037,Lochaber,193798,781364,-5.38560009,56.87767029,4654827691.63747,1352748.40357477
375,S30000038,Skye and Lochalsh,146326,845171,-6.22733021,57.42580032,2742463982.7129,1389694.37490341
376,S30000039,Na h-Eileanan Siar,126473,932862,-6.65721989,58.19937897,3092097684.7055,3875043.72502486
377,S30000040,Orkney Islands,348291,1006584,-2.90028,58.9433403,1013346186.47449,1224806.04922117
378,S30000041,Shetland Islands,434516,1180307,-1.37344003,60.50495148,1469065494.01206,2383352.76608669
379,W06000001,Isle of Anglesey,245222,378346,-4.32290983,53.27944946,714458084.558092,361683.809126745
380,W06000002,Gwynedd,277968,334967,-3.8155899,52.89825821,2548075141.5078,585237.182719097
381,W06000003,Conwy,283293,362562,-3.74645996,53.14738846,1130191398.88574,273510.748505159
382,W06000004,Denbighshire,309843,355416,-3.34761,53.08832932,838544282.119314,228400.822667682
306,E09000013,Hammersmith and Fulham,523866,177998,-0.21736,51.48736954,16397616.9797172,23940.3019039401
383,W06000005,Flintshire,321564,369303,-3.17604995,53.21498108,437490014.420668,197536.751805592
384,W06000006,Wrexham,333523,345387,-2.99202991,53.00167084,503773483.517265,190056.478967273
385,W06000008,Ceredigion,267126,268437,-3.94993997,52.29795074,1789001592.95804,373806.018404471
386,W06000009,Pembrokeshire,199821,221391,-4.90818024,51.85512161,1618677388.68682,726403.439992578
387,W06000010,Carmarthenshire,247954,224133,-4.2111001,51.89495087,2371133060.18117,564479.784491807
388,W06000011,Swansea,264022,197308,-3.96723008,51.65805817,379659108.299735,271925.927568051
389,W06000012,Neath Port Talbot,279261,195412,-3.74638009,51.64450073,442335437.017426,172778.694828857
390,W06000013,Bridgend,288242,185868,-3.61359,51.56058121,250730334.080808,90598.1062211575
391,W06000014,Vale of Glamorgan,302946,173083,-3.39803004,51.44837952,331192710.560025,106758.220547901
392,W06000015,Cardiff,315270,178887,-3.22212005,51.50254059,142287250.158449,79678.3978719744
393,W06000016,Rhondda Cynon Taf,302237,192395,-3.41358995,51.62184906,424150428.490314,130240.447589244
394,W06000018,Caerphilly,317245,195259,-3.19753003,51.65000916,277387820.327605,116205.410210221
395,W06000019,Blaenau Gwent,318236,206771,-3.18592,51.75363922,108728051.61605,65601.6368305067
396,W06000020,Torfaen,327459,200480,-3.05100989,51.69836044,126239928.567884,82544.7312019411
397,W06000021,Monmouthshire,337812,209231,-2.90280008,51.77827072,850271716.788691,223991.696094486
398,W06000022,Newport,337897,187433,-2.89769006,51.58232117,190524789.812674,153276.013830298
399,W06000023,Powys,302328,273254,-3.43532991,52.348629,5195320922.77815,610109.256646446
400,W06000024,Merthyr Tydfil,305916,206424,-3.36424994,51.74858093,111956999.755299,66696.8308600156
307,E09000014,Haringey,531262,189349,-0.10667,51.58771133,29598383.3439221,29025.0652334947
308,E09000015,Harrow,515356,189736,-0.33603001,51.59466934,50463306.4079377,33735.4592043178
309,E09000016,Havering,555032,187514,0.235368,51.56518936,112349662.864759,63559.3470126868
310,E09000017,Hillingdon,508166,183120,-0.44182,51.53662872,115700540.913903,63886.5110310717
311,E09000018,Hounslow,512744,174965,-0.37843999,51.46242905,55977913.0890301,61322.4999237213
312,E09000019,Islington,531158,184647,-0.10992,51.54547882,14856650.1579598,20727.801063291
313,E09000020,Kensington and Chelsea,525757,179053,-0.18976,51.49644089,12123854.2501374,20973.6352775568
314,E09000021,Kingston upon Thames,519508,167389,-0.28367001,51.39295959,37261180.4829243,37553.0934766919
315,E09000022,Lambeth,531118,175626,-0.11385,51.46442032,26810035.8053846,33856.680462026
316,E09000023,Lewisham,537889,173344,-0.01733,51.44231033,35149082.5015237,41169.4955131087
317,E09000024,Merton,526069,169507,-0.18866999,51.41056824,37624734.8683673,32349.0140233059
318,E09000025,Newham,540721,183327,0.027369,51.53131866,36201723.960859,34939.7964228438
319,E09000026,Redbridge,543512,189478,0.070085,51.58589172,56419221.4374076,48674.1716162987
320,E09000027,Richmond upon Thames,519005,172648,-0.28913999,51.44033051,57406783.8386899,67768.0451247847
321,E09000028,Southwark,533945,175863,-0.07309,51.46588898,28862035.6382487,34210.4714112992
322,E09000029,Sutton,527356,163640,-0.17227,51.3575592,43846975.8619344,39844.2407516862
323,E09000030,Tower Hamlets,536345,181451,-0.0364,51.51552963,19786307.6558355,28568.2633484001
324,E09000031,Waltham Forest,537327,190277,-0.01881,51.59460831,38807956.9324138,33339.2631217308
325,E09000032,Wandsworth,525152,174137,-0.20021001,51.45238876,34263364.6175233,38675.2957132615
326,E09000033,Westminster,528268,180871,-0.15295,51.51221085,21486974.7276258,27304.1221899616
327,N09000001,Antrim and Newtownabbey,130876,541274,-6.17660999,54.69379044,728373510.812429,165164.868173598
328,N09000002,"Armagh CIty, Banbridge and Craigavon",112171,508143,-6.43359995,54.38660049,1437432245.1125,243085.922967238
329,N09000003,Belfast,146530,529734,-5.92433023,54.59844971,137751561.376742,65915.6757252838
330,N09000004,Causeway Coast and Glens,106227,581413,-6.59867001,55.03958893,1986058534.15764,381796.930981298
331,N09000005,Derry City and Strabane,51832,559556,-7.4197998,54.80899048,1251561741.51461,271523.349021924
332,N09000006,Fermanagh and Omagh,41284,512998,-7.52629995,54.38510895,3012884489.88199,426677.717198679
333,N09000007,Lisburn and Castlereagh,138776,518906,-6.03445005,54.49742889,510566856.058442,167403.351982085
334,N09000008,Mid and East Antrim,134007,560141,-6.14545012,54.86455917,1061633112.71745,234891.88293489
335,N09000009,Mid Ulster,83977,528551,-6.88801003,54.55265045,1957795209.20035,318473.391953569
336,N09000010,"Newry, Mourne and Down",133070,480413,-6.08791018,54.1493988,1682759982.44699,380138.088042593
337,N09000011,Ards and North Down,164388,524930,-5.64463997,54.56399918,566614463.299629,204706.569969262
338,S30000001,Angus,345518,759594,-2.89189005,56.72480011,2185197011.66665,319708.104474481
339,S30000002,Dundee City,340292,732147,-2.9709301,56.47761917,59830112.1018863,46763.0290903262
340,S30000003,Clackmannanshire,291159,696335,-3.7534399,56.14723969,158980647.502823,94164.9489817179
341,S30000004,Fife,339197,704726,-2.98235011,56.23117065,1325039494.92901,342850.708714327
342,S30000005,East Lothian,354854,672351,-2.72434998,55.94207001,679180223.772334,200257.998840404
343,S30000006,Midlothian,330088,659217,-3.1173799,55.82110977,355275234.735,126403.590059863
344,S30000007,Scottish Borders,345891,626135,-2.85865998,55.52593994,4739154528.06843,514597.062197101
345,S30000008,City of Edinburgh,320193,669416,-3.27825999,55.91119003,263351744.196063,108122.93605586
346,S30000009,Falkirk,289661,679536,-3.77060008,55.99604034,297363508.672424,144942.113453242
347,S30000010,Perth and Kinross,284304,744186,-3.88479996,56.57529068,5383724291.86185,618804.697840311
348,S30000011,Stirling,255980,708769,-4.32595015,56.24953079,2253343550.67582,341189.059446688
349,S30000012,West Lothian,299483,668514,-3.60909009,55.89920044,428766233.83643,134896.98341564
350,S30000013,Helensburgh and Lomond,229869,693362,-4.73698997,56.10263062,381116186.916622,175905.538752976
351,S30000014,West Dunbartonshire,242904,681587,-4.52074003,56.00141144,177312901.351681,100453.65787669
352,S30000015,East Dunbartonshire,261240,676154,-4.22417021,55.9582901,174611401.5725,99590.8807557323
353,S30000016,Dumfries and Galloway,270645,579857,-4.02862978,55.09621811,6437622600.3483,1147893.61164425
354,S30000017,East Ayrshire,255398,624935,-4.29056978,55.49673843,1270334184.07025,340606.716508343
355,S30000018,North Ayrshire mainland,228984,651640,-4.7247901,55.72787857,439778810.234389,193778.636988725
356,S30000019,Glasgow City,261534,667032,-4.21478987,55.8764801,174684128.986075,135389.555451435
357,S30000020,East Renfrewshire,251929,653115,-4.36059999,55.74868011,173791892.905,94901.8793174994
358,S30000021,Renfrewshire,239305,664698,-4.56833982,55.84862137,261927915.239176,132810.240940886
359,S30000022,Inverclyde,227922,670899,-4.75387001,55.90034866,161942192.411468,80313.6377366933
360,S30000023,North Lanarkshire,277984,665608,-3.95140004,55.86814117,472126116.105,164091.167270084
